Dataset,Scaling technique,Model,acc_fold1,acc_fold2,acc_fold3,acc_fold4,acc_fold5,acc_mean,acc_stddev,recall_fold1,recall_fold2,recall_fold3,recall_fold4,recall_fold5,recall_mean,recall_stddev,precision_fold1,precision_fold2,precision_fold3,precision_fold4,precision_fold5,precision_mean,precision_stddev,f1_fold1,f1_fold2,f1_fold3,f1_fold4,f1_fold5,f1_mean,f1_stddev,gmean_fold1,gmean_fold2,gmean_fold3,gmean_fold4,gmean_fold5,gmean_mean,gmean_stddev
1.0,NS,SVM_lin,0.47540983606557374,0.5333333333333333,0.5166666666666667,0.48333333333333334,0.4666666666666667,0.4950819672131148,0.025540237695195183,0.4,0.41379310344827586,0.4666666666666667,0.4666666666666667,0.5666666666666667,0.46275862068965523,0.05858957930393669,0.46153846153846156,0.5217391304347826,0.5185185185185185,0.4827586206896552,0.4722222222222222,0.49135539068072803,0.02445419803792459,0.42857142857142855,0.4615384615384615,0.4912280701754386,0.47457627118644075,0.5151515151515152,0.47421314932465697,0.02901518074874517,0.4683533267840396,0.5166849064442223,0.5142416206847171,0.48304589153964794,0.45582647770591145,0.4876304446317077,0.024316390167634132
1.0,SS,SVM_lin,0.45901639344262296,0.48333333333333334,0.55,0.4666666666666667,0.43333333333333335,0.4784699453551912,0.039230786570602846,0.43333333333333335,0.3793103448275862,0.5333333333333333,0.4666666666666667,0.5,0.4625287356321839,0.05331450321570856,0.4482758620689655,0.4583333333333333,0.5517241379310345,0.4666666666666667,0.4411764705882353,0.4732352941176471,0.04019068379426267,0.44067796610169496,0.4150943396226415,0.5423728813559322,0.4666666666666667,0.46875,0.4667123707493871,0.042593140879326356,0.4579054698896255,0.46930237198580366,0.5497474167490214,0.4666666666666667,0.42817441928883765,0.474359268915991,0.04042743871952931
1.0,MMS,SVM_lin,0.45901639344262296,0.5333333333333333,0.48333333333333334,0.43333333333333335,0.4666666666666667,0.4751366120218579,0.033266079246392175,0.4,0.41379310344827586,0.43333333333333335,0.43333333333333335,0.5666666666666667,0.44942528735632187,0.059959910859606676,0.4444444444444444,0.5217391304347826,0.48148148148148145,0.43333333333333335,0.4722222222222222,0.4706441223832528,0.031013405819859518,0.4210526315789474,0.4615384615384615,0.456140350877193,0.43333333333333335,0.5151515151515152,0.45744325849589007,0.03241690102772457,0.4543694673976519,0.5166849064442223,0.4807401700618652,0.43333333333333335,0.45582647770591145,0.46819087098859685,0.0285240731027762
1.0,MAS,SVM_lin,0.4918032786885246,0.5333333333333333,0.4666666666666667,0.5333333333333333,0.5,0.5050273224043715,0.025589645252733943,0.3,0.3793103448275862,0.5,0.4666666666666667,0.5,0.42919540229885056,0.07824403964346317,0.47368421052631576,0.5238095238095238,0.46875,0.5384615384615384,0.5,0.5009410545594756,0.02724275581532971,0.3673469387755102,0.44,0.4838709677419355,0.5,0.5,0.45824358130348913,0.05047571261907713,0.4508057302781464,0.5069044969979571,0.4654746681256314,0.529150262212918,0.5,0.4904670315229306,0.02847840283602456
1.0,RS,SVM_lin,0.4426229508196721,0.5,0.55,0.4666666666666667,0.43333333333333335,0.47852459016393445,0.04252461684733306,0.43333333333333335,0.3793103448275862,0.5,0.4666666666666667,0.5,0.45586206896551723,0.04556481897509947,0.43333333333333335,0.4782608695652174,0.5555555555555556,0.4666666666666667,0.4411764705882353,0.4749985791418016,0.04347279031420789,0.43333333333333335,0.4230769230769231,0.5263157894736842,0.4666666666666667,0.46875,0.4636285425101215,0.03613138246677594,0.44237871188743116,0.48216235224930726,0.5477225575051662,0.4666666666666667,0.42817441928883765,0.4734209415194818,0.04160199616104046
1.0,QT,SVM_lin,0.5081967213114754,0.48333333333333334,0.55,0.48333333333333334,0.45,0.4949726775956284,0.0331553070956252,0.5,0.4827586206896552,0.5333333333333333,0.4666666666666667,0.5,0.496551724137931,0.022181227876926786,0.5,0.4666666666666667,0.5517241379310345,0.4827586206896552,0.45454545454545453,0.4911389759665622,0.0339331392129184,0.5,0.47457627118644075,0.5423728813559322,0.47457627118644075,0.47619047619047616,0.493543179983858,0.026255033225675923,0.508000508000762,0.4833144742079068,0.5497474167490214,0.48304589153964794,0.447213595499958,0.4942643771994592,0.033842517109714816
1.0,NS,SVM_RBF,0.4426229508196721,0.5333333333333333,0.45,0.4666666666666667,0.45,0.46852459016393444,0.03334918551665847,0.3,0.41379310344827586,0.5,0.4666666666666667,0.5333333333333333,0.4427586206896551,0.08157324770848348,0.4090909090909091,0.5217391304347826,0.45454545454545453,0.4666666666666667,0.45714285714285713,0.461837003576134,0.035969271967071566,0.34615384615384615,0.4615384615384615,0.47619047619047616,0.4666666666666667,0.4923076923076923,0.44857142857142857,0.052269714617443626,0.4173650061841514,0.5166849064442223,0.447213595499958,0.4666666666666667,0.44221663871405326,0.4580293627018103,0.03327367963592919
1.0,SS,SVM_RBF,0.4426229508196721,0.5166666666666667,0.5,0.4166666666666667,0.45,0.46519125683060114,0.03729907502793632,0.36666666666666664,0.3793103448275862,0.4666666666666667,0.43333333333333335,0.5333333333333333,0.4358620689655172,0.06073230824389974,0.4230769230769231,0.5,0.5,0.41935483870967744,0.45714285714285713,0.45991492378589155,0.035280220581166664,0.3928571428571428,0.4313725490196078,0.4827586206896552,0.4262295081967213,0.4923076923076923,0.44510510261416386,0.03720374252369615,0.4350256450233215,0.49468813559824587,0.49888765156985887,0.4163331998932266,0.44221663871405326,0.45743025415974126,0.03325433506830639
1.0,MMS,SVM_RBF,0.45901639344262296,0.55,0.45,0.43333333333333335,0.4666666666666667,0.47180327868852456,0.04064464564594058,0.4,0.41379310344827586,0.4666666666666667,0.43333333333333335,0.5,0.4427586206896551,0.036343657058368124,0.4444444444444444,0.5454545454545454,0.45161290322580644,0.43333333333333335,0.46875,0.46871904529162595,0.040055868226537346,0.4210526315789474,0.47058823529411764,0.45901639344262296,0.43333333333333335,0.4838709677419355,0.45357231227819134,0.023256543510292785,0.4543694673976519,0.5294444797848387,0.44969125210773475,0.43333333333333335,0.4654746681256314,0.46646264014983796,0.03314442175312364
1.0,MAS,SVM_RBF,0.4426229508196721,0.5333333333333333,0.48333333333333334,0.4666666666666667,0.45,0.4751912568306011,0.03229475834997307,0.3,0.41379310344827586,0.5,0.4666666666666667,0.5333333333333333,0.4427586206896551,0.08157324770848348,0.4090909090909091,0.5217391304347826,0.4838709677419355,0.4666666666666667,0.45714285714285713,0.4677021062154302,0.036685894766112566,0.34615384615384615,0.4615384615384615,0.4918032786885246,0.4666666666666667,0.4923076923076923,0.45169398907103825,0.05425503568101347,0.4173650061841514,0.5166849064442223,0.48304589153964794,0.4666666666666667,0.44221663871405326,0.4651958219097484,0.03402276881621114
1.0,RS,SVM_RBF,0.45901639344262296,0.5,0.48333333333333334,0.43333333333333335,0.45,0.46513661202185796,0.02376804208217325,0.43333333333333335,0.3448275862068966,0.43333333333333335,0.4666666666666667,0.5333333333333333,0.44229885057471263,0.06089741519718638,0.4482758620689655,0.47619047619047616,0.48148148148148145,0.4375,0.45714285714285713,0.46011813537675605,0.016585442180475283,0.44067796610169496,0.39999999999999997,0.456140350877193,0.45161290322580644,0.4923076923076923,0.4481477825024774,0.029664770222685807,0.4579054698896255,0.4716666306365782,0.4807401700618652,0.4320493798938574,0.44221663871405326,0.45691565783919585,0.018003173337545496
1.0,QT,SVM_RBF,0.36065573770491804,0.5166666666666667,0.45,0.45,0.4,0.435464480874317,0.052669602368408605,0.26666666666666666,0.3448275862068966,0.4,0.5333333333333333,0.4666666666666667,0.40229885057471265,0.09275513104290582,0.32,0.5,0.4444444444444444,0.45714285714285713,0.4117647058823529,0.42667040149393093,0.06036964715763245,0.2909090909090909,0.40816326530612246,0.4210526315789474,0.4923076923076923,0.43749999999999994,0.4099865360203706,0.06608930956498006,0.3470304129710849,0.4833144742079068,0.447213595499958,0.44221663871405326,0.3944053188733077,0.4228360880532621,0.04729125250176399
1.0,NS,GLVQ,0.47540983606557374,0.5333333333333333,0.5166666666666667,0.55,0.4666666666666667,0.5084153005464481,0.03240552343624992,0.23333333333333334,0.3793103448275862,0.43333333333333335,0.43333333333333335,0.4666666666666667,0.3891954022988505,0.08281160500579544,0.4375,0.5238095238095238,0.52,0.5652173913043478,0.4666666666666667,0.5026387163561077,0.04517244413058001,0.3043478260869565,0.44,0.4727272727272728,0.49056603773584906,0.4666666666666667,0.43486156064334897,0.06724374194793804,0.40692922953440247,0.5069044969979571,0.5099019513592785,0.5374838498865699,0.4666666666666667,0.48557723888897497,0.04535186646143198
1.0,SS,GLVQ,0.5081967213114754,0.5333333333333333,0.5,0.45,0.48333333333333334,0.4949726775956284,0.02767564010591047,0.3333333333333333,0.4482758620689655,0.5,0.4,0.5333333333333333,0.4429885057471264,0.07115156069809066,0.5,0.52,0.5,0.4444444444444444,0.48484848484848486,0.4898585858585859,0.025305125016623187,0.4,0.48148148148148145,0.5,0.4210526315789474,0.507936507936508,0.4620941241993874,0.04348409724462273,0.47519096331149147,0.52416573897312,0.5,0.447213595499958,0.4807401700618652,0.48546209356928693,0.02569071106013153
1.0,MMS,GLVQ,0.4918032786885246,0.5166666666666667,0.45,0.4666666666666667,0.48333333333333334,0.4816939890710382,0.022619914793245044,0.26666666666666666,0.3448275862068966,0.4,0.4,0.5,0.38229885057471263,0.07649198594186643,0.47058823529411764,0.5,0.4444444444444444,0.46153846153846156,0.4838709677419355,0.47208842180379185,0.018950600473839754,0.3404255319148936,0.40816326530612246,0.4210526315789474,0.42857142857142855,0.4918032786885246,0.4180032272119833,0.04833747408134618,0.4350256450233215,0.4833144742079068,0.447213595499958,0.4618802153517006,0.48304589153964794,0.46209596432450695,0.019201344997207607
1.0,MAS,GLVQ,0.47540983606557374,0.5333333333333333,0.5,0.5666666666666667,0.5,0.5150819672131147,0.03169511963312387,0.23333333333333334,0.3793103448275862,0.43333333333333335,0.4666666666666667,0.5,0.40252873563218394,0.09351943396428289,0.4375,0.5238095238095238,0.5,0.5833333333333334,0.5,0.5089285714285714,0.04694462893602467,0.3043478260869565,0.44,0.4642857142857143,0.5185185185185186,0.5,0.4454304117782379,0.07564260584569886,0.40692922953440247,0.5069044969979571,0.4955356249106168,0.557773351022717,0.5,0.4934285404931387,0.04868595429266213
1.0,RS,GLVQ,0.4918032786885246,0.55,0.5,0.45,0.4666666666666667,0.49169398907103823,0.034156546264541884,0.36666666666666664,0.4827586206896552,0.5,0.43333333333333335,0.5,0.4565517241379311,0.05114826293397107,0.4782608695652174,0.5384615384615384,0.5,0.4482758620689655,0.46875,0.4867496540191443,0.030744008634319867,0.41509433962264153,0.509090909090909,0.5,0.44067796610169496,0.4838709677419355,0.4697468365114362,0.03604052073513646,0.4740582061263141,0.5439524941633808,0.5,0.44969125210773475,0.4654746681256314,0.4866353241046122,0.03296875569124751
1.0,QT,GLVQ,0.45901639344262296,0.55,0.48333333333333334,0.5,0.48333333333333334,0.49513661202185794,0.030387329099069414,0.3,0.4827586206896552,0.5333333333333333,0.5333333333333333,0.6333333333333333,0.496551724137931,0.10976138859218076,0.42857142857142855,0.5384615384615384,0.48484848484848486,0.5,0.48717948717948717,0.48781218781218777,0.03530595102215926,0.3529411764705882,0.509090909090909,0.507936507936508,0.5161290322580646,0.5507246376811593,0.4873644526874458,0.06900257913180885,0.42880178141180275,0.5439524941633808,0.4807401700618652,0.49888765156985887,0.4594682917363407,0.4823700777886496,0.038631425110833575
1.0,NS,GP,0.5081967213114754,0.5166666666666667,0.45,0.43333333333333335,0.45,0.4716393442622951,0.0339640235929642,0.4,0.0,0.4666666666666667,0.4666666666666667,0.4666666666666667,0.36000000000000004,0.18184242262647807,0.5,0.0,0.45161290322580644,0.4375,0.45161290322580644,0.3681451612903226,0.18528916849761892,0.4444444444444445,0.0,0.45901639344262296,0.45161290322580644,0.45901639344262296,0.3628180269110994,0.18148971000990777,0.49513764785419084,0.0,0.44969125210773475,0.4320493798938574,0.44969125210773475,0.36531390639270356,0.18384838885027363
1.0,SS,GP,0.47540983606557374,0.5833333333333334,0.4666666666666667,0.4,0.4166666666666667,0.4684153005464481,0.06421325402822371,0.36666666666666664,0.6551724137931034,0.5333333333333333,0.43333333333333335,0.4666666666666667,0.4910344827586207,0.09810302742504456,0.4583333333333333,0.5588235294117647,0.47058823529411764,0.40625,0.42424242424242425,0.463647504456328,0.052881232493358944,0.4074074074074074,0.6031746031746031,0.5,0.41935483870967744,0.4444444444444445,0.4748762587472265,0.07162742053599537,0.4614143753790638,0.5815096765258637,0.4618802153517006,0.39860869143671324,0.4136557881996953,0.46341374937860735,0.06423168605494672
1.0,MMS,GP,0.5081967213114754,0.5333333333333333,0.5,0.5,0.4166666666666667,0.491639344262295,0.039429022239947716,0.36666666666666664,0.6206896551724138,0.5666666666666667,0.0,0.4,0.39080459770114945,0.21779349653826638,0.5,0.5142857142857142,0.5,0.0,0.41379310344827586,0.385615763546798,0.1960698563781912,0.423076923076923,0.5625,0.53125,0.0,0.4067796610169491,0.3847213168187744,0.20151631689937252,0.48637345711392005,0.5294444797848387,0.4955356249106168,0.0,0.4163331998932266,0.38553735234052045,0.1962469034659047
1.0,MAS,GP,0.5081967213114754,0.5166666666666667,0.5,0.5,0.5,0.5049726775956284,0.006653215849278455,0.0,0.0,0.0,0.0,0.0,0.0,0.0,0.0,0.0,0.0,0.0,0.0,0.0,0.0,0.0,0.0,0.0,0.0,0.0,0.0,0.0,0.0,0.0,0.0,0.0,0.0,0.0,0.0
1.0,RS,GP,0.5081967213114754,0.5333333333333333,0.5,0.45,0.43333333333333335,0.48497267759562845,0.03739957139484063,0.43333333333333335,0.5862068965517241,0.5,0.4666666666666667,0.4666666666666667,0.4905747126436782,0.052257277906527275,0.5,0.5151515151515151,0.5,0.45161290322580644,0.4375,0.4808528836754643,0.030476447391043666,0.4642857142857143,0.5483870967741935,0.5,0.45901639344262296,0.45161290322580644,0.48466042154566746,0.03594794887950836,0.501610310127101,0.5325866111079769,0.5,0.44969125210773475,0.4320493798938574,0.48318751064733406,0.0368766544532913
1.0,QT,GP,0.4426229508196721,0.5166666666666667,0.38333333333333336,0.4166666666666667,0.4666666666666667,0.4451912568306011,0.045203049848523615,0.3,0.5862068965517241,0.43333333333333335,0.4666666666666667,0.4666666666666667,0.45057471264367815,0.09152486058822641,0.4090909090909091,0.5,0.3939393939393939,0.42424242424242425,0.4666666666666667,0.43878787878787884,0.03906153465290186,0.34615384615384615,0.5396825396825397,0.4126984126984127,0.4444444444444445,0.4666666666666667,0.44192918192918185,0.06356310480367477,0.4173650061841514,0.5145275487694649,0.380058475033046,0.4136557881996953,0.4666666666666667,0.4384546969706049,0.04701674953720128
1.0,NS,Percep,0.4918032786885246,0.43333333333333335,0.48333333333333334,0.5,0.5,0.4816939890710382,0.024955393332199278,1.0,0.1724137931034483,0.06666666666666667,0.0,1.0,0.44781609195402294,0.45419702760627867,0.4918032786885246,0.3333333333333333,0.4,0.0,0.5,0.3450273224043716,0.18317331138145798,0.6593406593406593,0.22727272727272724,0.1142857142857143,0.0,0.6666666666666666,0.3335131535131535,0.2784720986829947,0.0,0.3417549421580216,0.2449489742783178,0.0,0.0,0.1173407832872679,0.14693681865147679
1.0,SS,Percep,0.5409836065573771,0.55,0.5833333333333334,0.43333333333333335,0.4166666666666667,0.5048633879781421,0.06692492305061476,0.5,0.4482758620689655,0.6,0.3333333333333333,0.5666666666666667,0.4896551724137931,0.0941939821623326,0.5357142857142857,0.5416666666666666,0.5806451612903226,0.4166666666666667,0.4358974358974359,0.5021180432470755,0.06410369098222077,0.5172413793103449,0.49056603773584906,0.5901639344262295,0.3703703703703704,0.4927536231884058,0.49221906900623996,0.07080880777827614,0.5388159060803247,0.5377827010911387,0.58309518948453,0.4216370213557839,0.38873012632302,0.4940121888669594,0.07507528139315763
1.0,MMS,Percep,0.45901639344262296,0.5,0.5,0.5,0.48333333333333334,0.4884699453551913,0.01607932202343294,0.1,0.41379310344827586,0.0,1.0,0.9666666666666667,0.49609195402298856,0.42074530126290544,0.3333333333333333,0.48,0.0,0.5,0.4915254237288136,0.3609717514124294,0.19058086299212587,0.15384615384615383,0.4444444444444445,0.0,0.6666666666666666,0.651685393258427,0.3833285316431384,0.26669607557037567,0.2839809171235324,0.490170341098426,0.0,0.0,0.0,0.15483025164439168,0.20052435785287615
1.0,MAS,Percep,0.4918032786885246,0.43333333333333335,0.5,0.5,0.5,0.4850273224043716,0.02604121853058828,1.0,0.8620689655172413,0.0,1.0,0.0,0.5724137931034482,0.47007981208143373,0.4918032786885246,0.45454545454545453,0.0,0.5,0.0,0.28926974664679583,0.23668422150671947,0.6593406593406593,0.5952380952380951,0.0,0.6666666666666666,0.0,0.3842490842490842,0.3147208749973844,0.0,0.16675933649126753,0.0,0.0,0.0,0.033351867298253506,0.06670373459650701
1.0,RS,Percep,0.5081967213114754,0.5,0.5,0.5166666666666667,0.5,0.5049726775956284,0.006653215849278455,0.4,0.41379310344827586,0.5333333333333333,0.4666666666666667,0.5333333333333333,0.4694252873563219,0.05672899977999882,0.5,0.48,0.5,0.5185185185185185,0.5,0.4997037037037037,0.012186029465291133,0.4444444444444445,0.4444444444444445,0.5161290322580646,0.4912280701754386,0.5161290322580646,0.48247500471609134,0.03235568056362944,0.49513764785419084,0.490170341098426,0.49888765156985887,0.5142416206847171,0.49888765156985887,0.49946498255541033,0.008051482372439366
1.0,QT,Percep,0.5409836065573771,0.4,0.45,0.5333333333333333,0.3333333333333333,0.4515300546448088,0.07914779451338191,0.6,0.41379310344827586,0.5333333333333333,0.5333333333333333,0.4,0.49609195402298845,0.07691227095660315,0.5294117647058824,0.3870967741935484,0.45714285714285713,0.5333333333333333,0.35294117647058826,0.4519851811692419,0.07301947623299897,0.5625,0.39999999999999997,0.4923076923076923,0.5333333333333333,0.37500000000000006,0.4726282051282051,0.07342405183075389,0.5388159060803247,0.40022240757904204,0.44221663871405326,0.5333333333333333,0.32659863237109044,0.4482373836155687,0.0807260335796824
1.0,NS,MLP,0.4918032786885246,0.48333333333333334,0.5,0.5,0.5,0.49502732240437164,0.006653215849278436,1.0,1.0,1.0,1.0,1.0,1.0,0.0,0.4918032786885246,0.48333333333333334,0.5,0.5,0.5,0.49502732240437164,0.006653215849278436,0.6593406593406593,0.6516853932584269,0.6666666666666666,0.6666666666666666,0.6666666666666666,0.6622052105198172,0.005976386559148294,0.0,0.0,0.0,0.0,0.0,0.0,0.0
1.0,SS,MLP,0.4262295081967213,0.55,0.4666666666666667,0.45,0.48333333333333334,0.4752459016393442,0.04187397144179523,0.36666666666666664,0.3793103448275862,0.4666666666666667,0.26666666666666666,0.36666666666666664,0.3691954022988505,0.06344744293972694,0.4074074074074074,0.55,0.4666666666666667,0.42105263157894735,0.4782608695652174,0.46467751504364774,0.0503018615348184,0.38596491228070173,0.4489795918367347,0.4666666666666667,0.326530612244898,0.41509433962264153,0.4086472245303285,0.04958254957863618,0.421211769587116,0.518833293700236,0.4666666666666667,0.41096093353126506,0.469041575982343,0.4573428478935253,0.038630572246370946
1.0,MMS,MLP,0.4918032786885246,0.48333333333333334,0.5,0.5,0.5,0.49502732240437164,0.006653215849278436,1.0,1.0,1.0,1.0,1.0,1.0,0.0,0.4918032786885246,0.48333333333333334,0.5,0.5,0.5,0.49502732240437164,0.006653215849278436,0.6593406593406593,0.6516853932584269,0.6666666666666666,0.6666666666666666,0.6666666666666666,0.6622052105198172,0.005976386559148294,0.0,0.0,0.0,0.0,0.0,0.0,0.0
1.0,MAS,MLP,0.4918032786885246,0.48333333333333334,0.5,0.5,0.5,0.49502732240437164,0.006653215849278436,1.0,1.0,1.0,1.0,1.0,1.0,0.0,0.4918032786885246,0.48333333333333334,0.5,0.5,0.5,0.49502732240437164,0.006653215849278436,0.6593406593406593,0.6516853932584269,0.6666666666666666,0.6666666666666666,0.6666666666666666,0.6622052105198172,0.005976386559148294,0.0,0.0,0.0,0.0,0.0,0.0,0.0
1.0,RS,MLP,0.4098360655737705,0.48333333333333334,0.4166666666666667,0.43333333333333335,0.4666666666666667,0.4419672131147541,0.028524694847283986,0.43333333333333335,0.3103448275862069,0.5,0.36666666666666664,0.4,0.4020689655172414,0.06362211733542279,0.40625,0.45,0.42857142857142855,0.4230769230769231,0.46153846153846156,0.4338873626373626,0.019662903779709525,0.41935483870967744,0.3673469387755102,0.4615384615384615,0.3928571428571428,0.42857142857142855,0.4139337620904441,0.032013786861721426,0.4095631031768743,0.4474622547326825,0.408248290463863,0.42817441928883765,0.4618802153517006,0.43106565660279167,0.021022543688531407
1.0,QT,MLP,0.3770491803278688,0.48333333333333334,0.4,0.48333333333333334,0.5,0.4487431693989071,0.050072240208041026,0.26666666666666666,0.3448275862068966,0.3,0.4666666666666667,0.4,0.35563218390804596,0.07130736559729631,0.3333333333333333,0.45454545454545453,0.375,0.4827586206896552,0.5,0.4291274817136886,0.06426754919796242,0.2962962962962963,0.39215686274509803,0.33333333333333326,0.47457627118644075,0.4444444444444445,0.38816144160112254,0.06647794965180555,0.3592106040535498,0.45972376481236993,0.3872983346207417,0.48304589153964794,0.48989794855663565,0.435835308716589,0.052819408763609785
1.0,NS,Bagging,0.5081967213114754,0.5333333333333333,0.5,0.5166666666666667,0.5,0.5116393442622951,0.012479611010490487,0.06666666666666667,0.4482758620689655,0.6,0.5666666666666667,0.5333333333333333,0.44298850574712645,0.1948112765695635,0.5,0.52,0.5,0.5151515151515151,0.5,0.507030303030303,0.008745771640023006,0.11764705882352941,0.48148148148148145,0.5454545454545454,0.5396825396825397,0.5161290322580646,0.4400789315400321,0.16277899143760222,0.24973103811470745,0.52416573897312,0.48989794855663565,0.5142416206847171,0.49888765156985887,0.4553847995798078,0.10351045184203496
1.0,SS,Bagging,0.4426229508196721,0.5166666666666667,0.5166666666666667,0.4666666666666667,0.5,0.48852459016393446,0.029327009001192342,0.4,0.3793103448275862,0.4666666666666667,0.43333333333333335,0.6,0.45586206896551723,0.07794968074491122,0.42857142857142855,0.5,0.5185185185185185,0.4642857142857143,0.5,0.4822751322751323,0.032092465998139155,0.4137931034482759,0.4313725490196078,0.4912280701754386,0.4482758620689655,0.5454545454545454,0.4660248260333667,0.047303789934561975,0.4399413450640599,0.49468813559824587,0.5142416206847171,0.4654746681256314,0.48989794855663565,0.480848743605858,0.02568376363733771
1.0,MMS,Bagging,0.47540983606557374,0.55,0.5333333333333333,0.5,0.4166666666666667,0.4950819672131147,0.04698786329556415,0.3333333333333333,0.3448275862068966,0.43333333333333335,0.23333333333333334,0.3333333333333333,0.33563218390804594,0.06341245032215226,0.45454545454545453,0.5555555555555556,0.5416666666666666,0.5,0.4,0.4903535353535354,0.057312084529878,0.3846153846153846,0.4255319148936171,0.4814814814814815,0.3181818181818182,0.3636363636363636,0.39468939256173297,0.05550371710414974,0.45199676466631616,0.5058061110983849,0.523874454850057,0.4229525846816507,0.408248290463863,0.4625756411520544,0.045298517320367236
1.0,MAS,Bagging,0.5081967213114754,0.5166666666666667,0.5166666666666667,0.55,0.48333333333333334,0.5149726775956285,0.02135234976145795,0.2,0.034482758620689655,0.36666666666666664,0.3333333333333333,0.23333333333333334,0.2335632183908046,0.11698732898629606,0.5,0.5,0.5238095238095238,0.5882352941176471,0.4666666666666667,0.5157422969187675,0.04055705142581717,0.28571428571428575,0.06451612903225806,0.4313725490196078,0.42553191489361697,0.31111111111111117,0.30364919795417594,0.1332145765094439,0.40160966445124946,0.18267570054172325,0.4944132324730442,0.5055250296034367,0.41365578819969523,0.39957588305382974,0.11616145115220146
1.0,RS,Bagging,0.45901639344262296,0.5166666666666667,0.5,0.36666666666666664,0.5,0.46846994535519126,0.05434057385137245,0.4666666666666667,0.4482758620689655,0.5333333333333333,0.23333333333333334,0.5666666666666667,0.4496551724137931,0.11643037052166583,0.45161290322580644,0.5,0.5,0.3181818181818182,0.5,0.4539589442815249,0.07042764842807966,0.45901639344262296,0.4727272727272727,0.5161290322580646,0.2692307692307693,0.53125,0.4496706935317459,0.09407380959955793,0.45907808504876707,0.5101854665056551,0.49888765156985887,0.3415650255319866,0.4955356249106168,0.4610503707133769,0.062154304504250905
1.0,QT,Bagging,0.47540983606557374,0.5166666666666667,0.5166666666666667,0.45,0.48333333333333334,0.4884153005464481,0.025561624316579202,0.43333333333333335,0.3793103448275862,0.5333333333333333,0.3333333333333333,0.4666666666666667,0.42919540229885056,0.06920113009477884,0.4642857142857143,0.5,0.5161290322580645,0.43478260869565216,0.4827586206896552,0.4795911951858172,0.028297111531086983,0.4482758620689655,0.4313725490196078,0.5245901639344263,0.3773584905660377,0.47457627118644075,0.45123466735509565,0.04855266649378167,0.47292273573861365,0.49468813559824587,0.5163977794943222,0.43461349368017654,0.48304589153964794,0.48033360721020124,0.027052849355409633
1.0,NS,OLA,0.4426229508196721,0.45,0.48333333333333334,0.43333333333333335,0.5,0.46185792349726784,0.02545685760325728,0.36666666666666664,0.3448275862068966,0.6,0.26666666666666666,0.5333333333333333,0.4222988505747126,0.12427748647736425,0.4230769230769231,0.4166666666666667,0.4864864864864865,0.4,0.5,0.44524601524601526,0.04013533361774882,0.3928571428571428,0.37735849056603776,0.5373134328358209,0.32,0.5161290322580646,0.4287316197034133,0.08387736223088535,0.4350256450233215,0.4348551470175476,0.469041575982343,0.39999999999999997,0.49888765156985887,0.44756200391861417,0.03369410288543286
1.0,SS,OLA,0.45901639344262296,0.55,0.5666666666666667,0.5333333333333333,0.45,0.5118032786885246,0.048038785627887264,0.43333333333333335,0.5172413793103449,0.5333333333333333,0.4666666666666667,0.4666666666666667,0.483448275862069,0.0366203360951538,0.4482758620689655,0.5357142857142857,0.5714285714285714,0.5384615384615384,0.45161290322580644,0.5090986321798334,0.04991916065492468,0.44067796610169496,0.5263157894736843,0.5517241379310344,0.5,0.45901639344262296,0.4955468573898073,0.04115219201228509,0.4579054698896255,0.5480271016251698,0.565685424949238,0.529150262212918,0.44969125210773475,0.5100919021569372,0.04746493961300909
1.0,MMS,OLA,0.5573770491803278,0.5833333333333334,0.4666666666666667,0.5833333333333334,0.5,0.5381420765027323,0.04694259424646314,0.5,0.5862068965517241,0.5,0.5666666666666667,0.5333333333333333,0.5372413793103448,0.03479247879628676,0.5555555555555556,0.5666666666666667,0.46875,0.5862068965517241,0.5,0.5354358237547893,0.04395581346012854,0.5263157894736842,0.576271186440678,0.4838709677419355,0.576271186440678,0.5161290322580646,0.535771632471008,0.035914764241797764,0.5535807194106618,0.5834194014581409,0.4654746681256314,0.58309518948453,0.49888765156985887,0.5368915260097645,0.047165268897967995
1.0,MAS,OLA,0.5245901639344263,0.5333333333333333,0.4666666666666667,0.5,0.43333333333333335,0.4915846994535519,0.03719477493560991,0.43333333333333335,0.4482758620689655,0.5333333333333333,0.4666666666666667,0.5333333333333333,0.48298850574712643,0.04244104037110472,0.52,0.52,0.47058823529411764,0.5,0.4444444444444444,0.4910065359477125,0.029485792096878342,0.4727272727272728,0.48148148148148145,0.5,0.4827586206896552,0.4848484848484848,0.48436317194937883,0.008843288930025879,0.5153556032968521,0.52416573897312,0.4618802153517006,0.49888765156985887,0.4216370213557839,0.4843852461094631,0.03793622680255303
1.0,RS,OLA,0.4098360655737705,0.45,0.4,0.43333333333333335,0.4666666666666667,0.43196721311475406,0.024668969049826687,0.3,0.41379310344827586,0.36666666666666664,0.43333333333333335,0.4666666666666667,0.3960919540229885,0.057931946717867736,0.375,0.42857142857142855,0.39285714285714285,0.43333333333333335,0.4666666666666667,0.4192857142857143,0.03221244671483384,0.33333333333333326,0.42105263157894735,0.3793103448275862,0.43333333333333335,0.4666666666666667,0.40673926194797333,0.0461393256767701,0.39349550147037177,0.44746225473268253,0.39860869143671324,0.43333333333333335,0.4666666666666667,0.42791328952795354,0.028130790103191264
1.0,QT,OLA,0.4098360655737705,0.6333333333333333,0.5666666666666667,0.48333333333333334,0.48333333333333334,0.5153005464480874,0.07711910170761169,0.26666666666666666,0.7241379310344828,0.5333333333333333,0.43333333333333335,0.43333333333333335,0.47816091954022993,0.14986495881040465,0.36363636363636365,0.6,0.5714285714285714,0.48148148148148145,0.48148148148148145,0.49960557960557955,0.0829242731142629,0.30769230769230765,0.65625,0.5517241379310344,0.456140350877193,0.456140350877193,0.4855894294755457,0.11565527432293685,0.3824088899852943,0.6301649765450879,0.565685424949238,0.4807401700618652,0.4807401700618652,0.5079479263206702,0.08427478835183581
1.0,NS,LCA,0.5081967213114754,0.5166666666666667,0.5166666666666667,0.5,0.48333333333333334,0.5049726775956285,0.012465006708710643,1.0,0.0,0.13333333333333333,1.0,0.9666666666666667,0.62,0.4539211874813121,0.5,0.0,0.5714285714285714,0.5,0.4915254237288136,0.41259079903147705,0.20831323394807372,0.6666666666666666,0.0,0.21621621621621623,0.6666666666666666,0.651685393258427,0.4402469885615953,0.2797302765673998,0.1796053020267749,0.0,0.34641016151377546,0.0,0.0,0.10520309270811008,0.1392261548268665
1.0,SS,LCA,0.45901639344262296,0.5833333333333334,0.5666666666666667,0.38333333333333336,0.4666666666666667,0.4918032786885246,0.07410106060816,0.5333333333333333,0.5517241379310345,0.43333333333333335,0.36666666666666664,0.6666666666666666,0.5103448275862069,0.10320021343667661,0.45714285714285713,0.5714285714285714,0.5909090909090909,0.3793103448275862,0.47619047619047616,0.49499626809971636,0.0777315096278778,0.4923076923076923,0.5614035087719299,0.5,0.3728813559322034,0.5555555555555556,0.49642962251347617,0.06784009718872433,0.4543694673976518,0.5815096765258637,0.5507570547286101,0.38297084310253526,0.4216370213557839,0.47824881262208896,0.07585942354385292
1.0,MMS,LCA,0.4918032786885246,0.4666666666666667,0.45,0.43333333333333335,0.5,0.46836065573770486,0.02496998706076327,0.0,0.3448275862068966,0.5333333333333333,0.16666666666666666,0.0,0.2089655172413793,0.20629849706273232,0.0,0.43478260869565216,0.45714285714285713,0.35714285714285715,0.0,0.24981366459627327,0.2066553623664278,0.0,0.38461538461538464,0.4923076923076923,0.22727272727272724,0.0,0.22083916083916083,0.1990472686320641,0.0,0.44746225473268253,0.44221663871405326,0.3415650255319866,0.0,0.24624878379574447,0.20457388593281484
1.0,MAS,LCA,0.4918032786885246,0.5166666666666667,0.5,0.5,0.5,0.5016939890710382,0.00813161759026812,1.0,0.0,1.0,0.0,1.0,0.6,0.48989794855663565,0.4918032786885246,0.0,0.5,0.0,0.5,0.2983606557377049,0.24362884084919675,0.6593406593406593,0.0,0.6666666666666666,0.0,0.6666666666666666,0.39853479853479856,0.3254132958970183,0.0,0.0,0.0,0.0,0.0,0.0,0.0
1.0,RS,LCA,0.3770491803278688,0.5333333333333333,0.5666666666666667,0.4666666666666667,0.4,0.4687431693989071,0.07334660650444366,0.5,0.41379310344827586,0.6333333333333333,0.6666666666666666,0.5333333333333333,0.5494252873563218,0.09152486058822638,0.39473684210526316,0.5217391304347826,0.5588235294117647,0.47619047619047616,0.42105263157894735,0.4745085219442468,0.06093214742941613,0.4411764705882353,0.4615384615384615,0.59375,0.5555555555555556,0.47058823529411764,0.5045217445952741,0.05929215941178279,0.3592106040535498,0.5166849064442223,0.5627314338711378,0.4216370213557839,0.37712361663282534,0.4474775164715038,0.07934932708086778
1.0,QT,LCA,0.47540983606557374,0.48333333333333334,0.55,0.6,0.4166666666666667,0.5050819672131147,0.06355748017467074,0.4666666666666667,0.5172413793103449,0.5,0.6,0.4,0.4967816091954023,0.06535531512398773,0.4666666666666667,0.46875,0.5555555555555556,0.6,0.41379310344827586,0.5009530651340997,0.06723270143542949,0.4666666666666667,0.4918032786885246,0.5263157894736842,0.6,0.4067796610169491,0.4983130791691649,0.06410401113449885,0.47519096331149147,0.4833144742079068,0.5477225575051662,0.6,0.4163331998932266,0.5045122389835582,0.06335561459584671
1.0,NS,MCB,0.4262295081967213,0.5166666666666667,0.5166666666666667,0.45,0.6,0.5019125683060108,0.06079366978366642,0.36666666666666664,0.5517241379310345,0.6333333333333333,0.4,0.6666666666666666,0.5236781609195402,0.12100036632620895,0.4074074074074074,0.5,0.5135135135135135,0.4444444444444444,0.5882352941176471,0.49072013189660246,0.06196339301802247,0.38596491228070173,0.5245901639344263,0.5671641791044775,0.4210526315789474,0.625,0.5047543773797105,0.08929095229362742,0.421211769587116,0.5166849064442224,0.5033222956847166,0.447213595499958,0.5962847939999438,0.4969434722431913,0.06083989357202363
1.0,SS,MCB,0.36065573770491804,0.5333333333333333,0.5333333333333333,0.5,0.5,0.485464480874317,0.06416017312245553,0.3,0.4827586206896552,0.5666666666666667,0.6,0.5666666666666667,0.5032183908045977,0.10875142652173024,0.3333333333333333,0.5185185185185185,0.53125,0.5,0.5,0.4766203703703704,0.07261437928923611,0.3157894736842105,0.5,0.5483870967741935,0.5454545454545454,0.53125,0.4881762231825899,0.08788458209619597,0.3546920518039603,0.5294444797848387,0.5322906474223771,0.48989794855663565,0.4955356249106168,0.4803721504956857,0.06514565652011195
1.0,MMS,MCB,0.4426229508196721,0.55,0.5,0.5333333333333333,0.43333333333333335,0.4918579234972677,0.046938713828386054,0.4,0.5862068965517241,0.6333333333333333,0.4666666666666667,0.43333333333333335,0.5039080459770116,0.0902093101953682,0.42857142857142855,0.53125,0.5,0.5384615384615384,0.43333333333333335,0.48632326007326016,0.04704693746989482,0.4137931034482759,0.5573770491803278,0.5588235294117647,0.5,0.43333333333333335,0.4926654030747404,0.06059608119728943,0.4399413450640599,0.5500530867291308,0.4818944098266987,0.529150262212918,0.43333333333333335,0.48687448743322825,0.046632505294430936
1.0,MAS,MCB,0.5245901639344263,0.48333333333333334,0.45,0.48333333333333334,0.45,0.4782513661202186,0.027550739880059964,0.4,0.3793103448275862,0.6,0.43333333333333335,0.5,0.462528735632184,0.07998744781960075,0.5217391304347826,0.4583333333333333,0.46153846153846156,0.48148148148148145,0.45454545454545453,0.47552757226670267,0.024910011958217775,0.4528301886792453,0.4150943396226415,0.5217391304347826,0.456140350877193,0.47619047619047616,0.46439889716086774,0.034813565415254724,0.508000508000762,0.46930237198580366,0.42426406871192845,0.4807401700618652,0.447213595499958,0.4659041428520635,0.028590179985670528
1.0,RS,MCB,0.4262295081967213,0.36666666666666664,0.6,0.4666666666666667,0.5333333333333333,0.4785792349726775,0.0814221586413905,0.36666666666666664,0.3448275862068966,0.6333333333333333,0.43333333333333335,0.7,0.4956321839080459,0.14421032481435747,0.4074074074074074,0.3448275862068966,0.59375,0.4642857142857143,0.525,0.46705414158000363,0.0870796083756988,0.38596491228070173,0.3448275862068966,0.6129032258064516,0.4482758620689655,0.6,0.47839431727260306,0.10970047989425821,0.421211769587116,0.3653514010834465,0.5990733585203809,0.4654746681256314,0.5066228051190221,0.4715468004871194,0.0791723412390633
1.0,QT,MCB,0.45901639344262296,0.45,0.5333333333333333,0.5166666666666667,0.43333333333333335,0.4784699453551912,0.03923078657060284,0.3333333333333333,0.4827586206896552,0.5666666666666667,0.5,0.4666666666666667,0.4698850574712644,0.07628374620626766,0.43478260869565216,0.4375,0.53125,0.5172413793103449,0.4375,0.47165479760119944,0.043179586134938254,0.3773584905660377,0.4590163934426229,0.5483870967741935,0.5084745762711865,0.45161290322580644,0.4689698920559694,0.05772468892778218,0.43994134506405985,0.4499412889644789,0.5322906474223771,0.5163977794943222,0.4320493798938574,0.47412408816781915,0.041698830615805337
1.0,NS,KNORAE,0.47540983606557374,0.5166666666666667,0.45,0.43333333333333335,0.48333333333333334,0.4717486338797814,0.028684412924195563,0.26666666666666666,0.5517241379310345,0.5333333333333333,0.3333333333333333,0.43333333333333335,0.42367816091954025,0.1107502132001275,0.4444444444444444,0.5,0.45714285714285713,0.4166666666666667,0.48148148148148145,0.45994708994709,0.028946006291012277,0.33333333333333337,0.5245901639344263,0.4923076923076923,0.3703703703703704,0.456140350877193,0.4353483821646031,0.07248444908137534,0.4250237185032414,0.5166849064442224,0.44221663871405326,0.4216370213557839,0.4807401700618652,0.45726049101583327,0.03637888140621498
1.0,SS,KNORAE,0.39344262295081966,0.48333333333333334,0.5,0.48333333333333334,0.5166666666666667,0.4753551912568306,0.04278077827014728,0.26666666666666666,0.41379310344827586,0.4666666666666667,0.4666666666666667,0.5666666666666667,0.4360919540229885,0.09810356611376744,0.34782608695652173,0.46153846153846156,0.5,0.4827586206896552,0.5151515151515151,0.4614549368672307,0.059555711504701916,0.30188679245283023,0.43636363636363634,0.4827586206896552,0.47457627118644075,0.5396825396825397,0.44705357207502044,0.07974978838138332,0.3709911166081346,0.4763599465374724,0.49888765156985887,0.48304589153964794,0.5142416206847171,0.46870524538796615,0.050590194036063574
1.0,MMS,KNORAE,0.4918032786885246,0.5666666666666667,0.5,0.5666666666666667,0.5,0.5250273224043716,0.03412987194668355,0.4,0.5172413793103449,0.6,0.43333333333333335,0.4,0.47011494252873565,0.07781532793050962,0.48,0.5555555555555556,0.5,0.5909090909090909,0.5,0.5252929292929294,0.041357517338249834,0.4363636363636364,0.5357142857142857,0.5454545454545454,0.5,0.4444444444444445,0.49239538239538244,0.045140849331718566,0.4819315973414994,0.5630443232107831,0.48989794855663565,0.5507570547286101,0.48989794855663565,0.5151057744788328,0.03446886491360139
1.0,MAS,KNORAE,0.47540983606557374,0.5166666666666667,0.5333333333333333,0.5,0.4,0.48508196721311475,0.04664938700574302,0.3,0.5172413793103449,0.5666666666666667,0.5,0.3,0.43678160919540227,0.11380587412374936,0.45,0.5,0.53125,0.5,0.375,0.47125000000000006,0.05471517157059822,0.36000000000000004,0.5084745762711865,0.5483870967741935,0.5,0.33333333333333326,0.45003900127574265,0.08638333217393608,0.43994134506405985,0.5166849064442224,0.5322906474223771,0.5,0.3872983346207417,0.4752430467102802,0.05397267038980843
1.0,RS,KNORAE,0.3770491803278688,0.55,0.4166666666666667,0.55,0.45,0.46874316939890714,0.07025154974285804,0.3,0.4827586206896552,0.36666666666666664,0.5,0.4,0.40988505747126436,0.07412358410588946,0.34615384615384615,0.5384615384615384,0.4074074074074074,0.5555555555555556,0.4444444444444444,0.4584045584045584,0.07904840655658349,0.32142857142857145,0.509090909090909,0.38596491228070173,0.5263157894736842,0.4210526315789474,0.4327705627705627,0.07655145010590786,0.3680813374347332,0.5439524941633808,0.4136557881996953,0.5477225575051662,0.447213595499958,0.4641251545605867,0.07130007364087866
1.0,QT,KNORAE,0.3770491803278688,0.5333333333333333,0.5,0.38333333333333336,0.4666666666666667,0.4520765027322405,0.062397002234911014,0.26666666666666666,0.4827586206896552,0.5333333333333333,0.3,0.4,0.39655172413793105,0.10231822107709374,0.3333333333333333,0.5185185185185185,0.5,0.36,0.46153846153846156,0.43467806267806275,0.07465283084956839,0.2962962962962963,0.5,0.5161290322580646,0.3272727272727273,0.42857142857142855,0.41365389687970333,0.08878496328096515,0.3592106040535498,0.5294444797848387,0.49888765156985887,0.3741657386773941,0.4618802153517006,0.44471773788746843,0.06737448404647192
1.0,NS,KNORAU,0.47540983606557374,0.55,0.5,0.31666666666666665,0.48333333333333334,0.46508196721311473,0.07860943961469373,0.23333333333333334,0.5517241379310345,0.6333333333333333,0.3,0.5333333333333333,0.45034482758620686,0.15514329228651239,0.4375,0.5333333333333333,0.5,0.3103448275862069,0.48484848484848486,0.453205329153605,0.07780399456029369,0.3043478260869565,0.5423728813559322,0.5588235294117647,0.3050847457627119,0.507936507936508,0.4437130981107747,0.11467284745303659,0.40692922953440247,0.5500530867291308,0.4818944098266987,0.3162277660168379,0.4807401700618652,0.44716893243378697,0.0796025863061955
1.0,SS,KNORAU,0.45901639344262296,0.48333333333333334,0.45,0.48333333333333334,0.48333333333333334,0.47180327868852456,0.014406344964619958,0.4,0.41379310344827586,0.4666666666666667,0.4666666666666667,0.6333333333333333,0.47609195402298854,0.08315486239647707,0.4444444444444444,0.46153846153846156,0.45161290322580644,0.4827586206896552,0.48717948717948717,0.46550678341557095,0.016850766071324245,0.4210526315789474,0.43636363636363634,0.45901639344262296,0.47457627118644075,0.5507246376811593,0.4683467140505614,0.0451035077607151,0.4543694673976519,0.4763599465374724,0.44969125210773475,0.48304589153964794,0.4594682917363407,0.46458696986376957,0.012898181260011457
1.0,MMS,KNORAU,0.4918032786885246,0.5833333333333334,0.5166666666666667,0.55,0.4666666666666667,0.5216939890710384,0.041345794863612666,0.3333333333333333,0.5517241379310345,0.5333333333333333,0.43333333333333335,0.4666666666666667,0.46367816091954017,0.07813251681370445,0.47619047619047616,0.5714285714285714,0.5161290322580645,0.5652173913043478,0.4666666666666667,0.5191264275696252,0.04350723618829265,0.39215686274509803,0.5614035087719299,0.5245901639344263,0.49056603773584906,0.4666666666666667,0.487076647970794,0.057219323521979316,0.46373889576016825,0.5815096765258637,0.5163977794943222,0.5374838498865699,0.4666666666666667,0.5131593736667182,0.04444746732338242
1.0,MAS,KNORAU,0.4426229508196721,0.5333333333333333,0.4666666666666667,0.4,0.48333333333333334,0.46519125683060103,0.04412229089128506,0.36666666666666664,0.3448275862068966,0.5666666666666667,0.36666666666666664,0.43333333333333335,0.415632183908046,0.08115821644934502,0.4230769230769231,0.5263157894736842,0.4722222222222222,0.39285714285714285,0.48148148148148145,0.4591907118222907,0.04664080366847744,0.3928571428571428,0.4166666666666667,0.5151515151515152,0.3793103448275862,0.456140350877193,0.43202520407602085,0.049072195742282686,0.4350256450233215,0.494688135598246,0.45582647770591145,0.39860869143671324,0.4807401700618652,0.4529778239652115,0.03404965810727821
1.0,RS,KNORAU,0.47540983606557374,0.48333333333333334,0.5166666666666667,0.4666666666666667,0.45,0.4784153005464481,0.022099079512449406,0.4666666666666667,0.4482758620689655,0.5333333333333333,0.4666666666666667,0.5,0.48298850574712643,0.030205181987414873,0.4666666666666667,0.4642857142857143,0.5161290322580645,0.4666666666666667,0.45454545454545453,0.47365870688451334,0.02170103774193738,0.4666666666666667,0.456140350877193,0.5245901639344263,0.4666666666666667,0.47619047619047616,0.47805086486708576,0.0241190296833913,0.47519096331149147,0.48100747070529454,0.5163977794943222,0.4666666666666667,0.447213595499958,0.4772952951355466,0.022649896860736082
1.0,QT,KNORAU,0.4098360655737705,0.5,0.55,0.5666666666666667,0.5166666666666667,0.5086338797814207,0.054733970974230446,0.36666666666666664,0.4827586206896552,0.5666666666666667,0.5666666666666667,0.5666666666666667,0.5098850574712643,0.07863816435495338,0.39285714285714285,0.4827586206896552,0.5483870967741935,0.5666666666666667,0.5151515151515151,0.5011642084278346,0.06129503092585382,0.3793103448275862,0.4827586206896552,0.5573770491803278,0.5666666666666667,0.5396825396825397,0.5051590442093551,0.06934183948112635,0.4069292295344024,0.4991650425568579,0.5497474167490214,0.5666666666666667,0.5142416206847171,0.5073499952383331,0.0557042673344634
