,Bagging,GLVQ,GP,KNORAE,KNORAU,LCA,MCB,MLP,OLA,Percep,SVM_RBF,SVM_lin
0,0.4640008646164597,0.4431766814745538,0.3470269276720889,0.4785231139105249,0.4999935358758888,0.3985347985347985,0.463955981756453,0.6622052105198172,0.4775148349500764,0.2783489681050656,0.4394736007610591,0.0
1,0.2339783530827174,0.3949470250649923,0.3289855072463767,0.3761928908270372,0.3617457935912549,0.6327814247387626,0.5277562244518766,0.0,0.5171845404507123,0.3669067142008318,0.3732277478618942,0.07
2,0.4325643425833661,0.5636155606407323,0.5531014030104388,0.3859487425604683,0.4755306619078521,0.276676798378926,0.4450900649382053,0.673568457225538,0.4591636486481928,0.4528100603700863,0.4782799210723277,0.673568457225538
3,0.5124305000630862,0.5217367125374138,0.3088311688311688,0.4809927360774819,0.4701639344262295,0.5534983031573556,0.4769541915259379,0.6652014652014652,0.4771424776677132,0.4632700632700633,0.1161290322580645,0.1161290322580645
4,0.483463251418624,0.6927854753941711,0.4982608695652174,0.4825136160995921,0.4852892695539753,0.2666008149154216,0.4802608120542903,0.6927854753941711,0.4668097382493667,0.319063915935602,0.5144206140167509,0.6927854753941711
5,0.7903030303030304,0.787878787878788,0.787878787878788,0.7033811359366625,0.8025178151629826,0.7850978094587118,0.7438810188907917,0.787878787878788,0.7440303258236469,0.6353555967841682,0.787878787878788,0.787878787878788
6,0.7464006935466679,0.7725316792101825,0.7725316792101825,0.6586281190116807,0.7739283469516028,0.5439961269191003,0.7257244257244257,0.7725316792101825,0.7326939117508693,0.5764791113257667,0.7725316792101825,0.7725316792101825
7,0.8084179970972423,0.8084179970972423,0.8084179970972423,0.7266489631770923,0.8048029655288449,0.6590835761069445,0.7442464040025015,0.8084179970972423,0.7415188523294923,0.3098831985624438,0.8084179970972423,0.8084179970972423
8,0.7999524562300169,0.800768782760629,0.800768782760629,0.7154174868064471,0.8007906998654624,0.7102140361094932,0.7491609537845381,0.800768782760629,0.7463033191547515,0.800768782760629,0.800768782760629,0.800768782760629
9,0.7919337239846435,0.7968316831683169,0.7968316831683169,0.6790927382476679,0.7926290201010324,0.5947385744675877,0.7500467293062183,0.7968316831683169,0.7335029835029835,0.5159331990426057,0.7968316831683169,0.7968316831683169
10,0.7545738776409288,0.7864074407440744,0.7864074407440744,0.636882934417181,0.7574435310987404,0.5473681566392238,0.6755973027976391,0.7864074407440744,0.671666535746492,0.5112424242424243,0.7864074407440744,0.7864074407440744
11,0.6804253274552624,0.7289311848412645,0.7830955983668993,0.7241560758082497,0.7988206220378201,0.7524376639761533,0.7594725383017231,0.7289311848412645,0.752400716324426,0.3847776981792551,0.7289311848412645,0.7289311848412645
12,0.5614885919233745,0.7024687933425798,0.593954131331323,0.7113346277545592,0.7956803053577248,0.407117813993716,0.7210665723165723,0.7024687933425798,0.7187770823302839,0.5219387971126949,0.7017515266001845,0.7024687933425798
13,0.3991213528889816,0.2799353073879493,0.8158468391983167,0.7161564210968887,0.7321651344375046,0.4467753443202367,0.7130723251411905,0.6648457424928014,0.7266052779282784,0.5186247345535444,0.62208036452445,0.0
14,0.5166219194352119,0.3857491638526121,0.8455420383823077,0.6833522505950228,0.7327155957569063,0.4460496543236226,0.7070912869175034,0.6720647281292811,0.7031882724706033,0.2355932926072935,0.6561068179521111,0.669025732597278
15,0.5618236507806608,0.3359801200776333,0.852446271833902,0.6814896214896213,0.7016821923287441,0.3020290664432832,0.6908193879089402,0.671304347826087,0.7053001986276634,0.1886182669789227,0.6281904743004325,0.671304347826087
16,0.4416345260892645,0.2974132837290731,0.8077062146892656,0.7200233901746251,0.7089004285735779,0.4613958035573136,0.7090066268697429,0.6700507614213198,0.7078745582801689,0.4036980539291417,0.5625087480596356,0.6700507614213198
17,0.3026237328562909,0.3380342748763801,0.4583409693754522,0.7049873779168714,0.6545375597047329,0.573583976497958,0.7016655930085453,0.6651696129956999,0.6673558439340903,0.1966240409207161,0.5089097443437066,0.2271518505707367
18,0.4867447986951368,0.4053515481479007,0.7727090588468861,0.6916400691743159,0.656067626708919,0.5577355049834869,0.6722653554175293,0.6677776195223852,0.6702951950010775,0.338375350140056,0.5364607810797912,0.6214399948565872
19,0.6236417967996916,0.0982456140350877,0.6262006990308276,0.5324314183130058,0.626889935231133,0.5216314067543587,0.5749265204769777,0.6473408239700374,0.5822136061156025,0.4940023894862604,0.0383333333333333,0.0
20,0.645096635337204,0.353899652260308,0.6471471613426275,0.5453115738543992,0.5995631574119062,0.3787830349531116,0.563705112360174,0.6527043769216856,0.6008100032103786,0.5554089644814943,0.2318783376136317,0.0
21,0.7440820539491986,0.7639369355579367,0.7632634318077454,0.6037984311507586,0.7080821833280841,0.4838307843427775,0.6111972203509659,0.7639369355579367,0.6238117250446786,0.7408018382410686,0.726740761983084,0.7639369355579367
22,0.7196489993746091,0.713979019714234,0.7157719594642398,0.6038613596072439,0.7106260905074805,0.4359200653072318,0.6510974016333313,0.713979019714234,0.6347451352698231,0.5749535450687161,0.713979019714234,0.713979019714234
23,0.5539483116393134,0.5095536786238875,0.588136069701583,0.5660216622099775,0.5490062111801243,0.4272007992007992,0.5971598043350738,0.0,0.5612395329408792,0.4062028985507246,0.5216814049072113,0.2316182336182336
24,0.4572060856153974,0.3419973544973544,0.506308954203691,0.5876455679005531,0.5128528832476201,0.3423997996888023,0.5544766547602622,0.0,0.5690035912384183,0.2760717901518638,0.3392271075029695,0.1168405797101449
25,0.6781059702635581,0.7214109178710949,0.723412220445674,0.6424437161279266,0.6996768391492205,0.4129445234708392,0.6618445390803115,0.7214109178710949,0.6517269076305221,0.5487580886439478,0.7214109178710949,0.7214109178710949
26,0.4931986531986531,0.0,0.0,0.527313335408017,0.4609005575705082,0.2189189189189189,0.4780643779671288,0.6410441493587561,0.4652543484780327,0.2123111805619388,0.482244685313739,0.0
27,0.3799496218993762,0.4811572341606426,0.1849223946784922,0.4231801213696382,0.4546776674645008,0.3310007639419404,0.4554855744151519,0.6644067796610169,0.4681633368918713,0.3500762434898109,0.5051369986399317,0.0
28,0.526774322169059,0.4070232691285323,0.4234024455077086,0.5273587924108951,0.5733470636241542,0.4215711891471027,0.597265518184304,0.0,0.5958873844831292,0.6075094042515965,0.5852851936604797,0.507472347177023
29,0.362795016214371,0.4081716833890748,0.5017721879307244,0.4768678673627794,0.4308333333333333,0.1472987377279102,0.5043101473370031,0.0,0.5474407944996179,0.5657099572352575,0.4930920060331825,0.0166666666666666
30,0.5135380600946098,0.5195413246420444,0.4353867531264474,0.4858916727179922,0.5192046826925825,0.3388186109845096,0.493118845580122,0.6659381120250686,0.5178887474676245,0.4070871440702229,0.539197340833569,0.1966627250032847
31,0.881919079329694,0.881919079329694,0.881919079329694,0.7517450062737586,0.8805423303748114,0.7705038590359691,0.8009876582306104,0.881919079329694,0.7838031804075947,0.8614999271880006,0.881919079329694,0.881919079329694
32,0.8643689561120753,0.8643689561120753,0.8643689561120753,0.788002043092575,0.8718221975102709,0.7183608763539956,0.8204752851984521,0.8643689561120753,0.818244895896503,0.6698944816376009,0.8643689561120753,0.8643689561120753
33,0.7107720135161996,0.0,0.7169638635596083,0.6727927850402734,0.7235180576295559,0.5454421768707484,0.7116155368629392,0.0,0.7093440453363353,0.5106853429980083,0.5701190476190476,0.0
34,0.7277207367795603,0.0,0.7287936507936508,0.6746233907936036,0.7350864320358165,0.2594670406732117,0.7024853454166216,0.0,0.7127673907370301,0.3862811903583799,0.4466525198938992,0.0
35,0.7607852612503776,0.0,0.7340338395491711,0.6779850514393906,0.7491446537958165,0.5324663276043395,0.6942118863049095,0.0,0.6957708928440636,0.5722188518144029,0.273671497584541,0.0
36,0.7463977756660685,0.0,0.7609485995192177,0.7102299458173649,0.7465921675224001,0.5407998256510842,0.7232864540245734,0.0,0.7601599824515309,0.7502096600414265,0.4279744572158365,0.0
37,0.7715819807732369,0.7908633991600589,0.8180255968057255,0.7729721284839395,0.8323588286962362,0.5442407606961331,0.7926006285284395,0.7908633991600589,0.7885968927050939,0.6327795668247296,0.7908633991600589,0.7908633991600589
38,0.7663648231110349,0.7821391484942888,0.7821391484942888,0.7712953929539296,0.7902259708131149,0.5815675967677378,0.760753350192213,0.7821391484942888,0.7739612896104126,0.6102335878036812,0.7821391484942888,0.7821391484942888
39,0.8054597372929754,0.8078359749167378,0.8078359749167378,0.6878669936874271,0.8418174205671083,0.4609489209790544,0.7924777550070271,0.8078359749167378,0.8037978784041909,0.8004648972516957,0.8078359749167378,0.8078359749167378
40,0.8057412229443885,0.8104575163398693,0.8104575163398693,0.7520115396693043,0.8471084950819872,0.6760014348193244,0.7971131764659922,0.8104575163398693,0.8079807093389173,0.6035091738740286,0.8104575163398693,0.8104575163398693
41,0.0933862433862433,0.0,0.7875118706992726,0.597159124519373,0.4411913250148543,0.3259012437094628,0.6223583617311841,0.0,0.6056571954859449,0.1995772258930153,0.0296296296296296,0.0
42,0.4393534926583006,0.3672202070959007,0.835826182256562,0.6917609177117331,0.7200919531370874,0.4089470050405738,0.7156409578579638,0.6655827956989246,0.7206859488021421,0.4743878271454655,0.5504777050836397,0.1688940092165898
43,0.0,0.0,0.4547989047989048,0.3204723296943411,0.0621052631578947,0.1811965811965812,0.2352380952380952,0.0,0.2144588744588744,0.0911392405063291,0.0,0.0
44,0.0777777777777777,0.0,0.4362440318302387,0.4315098787012024,0.2251207729468599,0.2107047279214987,0.3817337164750957,0.0,0.4076681557444496,0.4805521913696605,0.0,0.0
45,0.6149887329158448,0.3869484033911413,0.8512008063407708,0.7436028312452072,0.7509978488545542,0.3260047539325209,0.7303179719046545,0.6699909715952496,0.7364924789692591,0.1496043822276324,0.6099063478810314,0.6699909715952496
46,0.6969095144921764,0.7493145748488216,0.7518879769801847,0.6606665876496386,0.7221350574632532,0.7251492069782635,0.6919222655483684,0.0,0.6773845363675873,0.647811562880056,0.7645548654244307,0.7493145748488216
47,0.450968009083016,0.0,0.5494612574888291,0.511044361006814,0.5349855817940925,0.4493506995013018,0.553560975609756,0.0,0.567209726443769,0.3384799326105269,0.0,0.0
48,0.0,0.0,0.0,0.2313185070512941,0.0729597701149425,0.0892857142857143,0.2626268831022055,0.0,0.2371304347826087,0.2752354500938704,0.0129032258064516,0.0
49,0.6439878595360669,0.6460715424925951,0.6693541313621132,0.5578058708863664,0.6569993722536096,0.4007832125479184,0.6379504841768993,0.0,0.6297575757575758,0.2508771929824561,0.6881136943159265,0.6876523363121949
50,0.0,0.0,0.0,0.3249180857653257,0.1578399378399378,0.3681079531673759,0.3870884459119753,0.0,0.3754397934115521,0.1014084507042253,0.02,0.0
51,0.7123271791246341,0.7186733628362587,0.7248355583696491,0.6024828662773327,0.706934099481523,0.4560497835497835,0.647131909401357,0.7186733628362587,0.669921229277666,0.4316145393068469,0.7205778694146829,0.7186733628362587
52,0.5129621186813987,0.4907599907599907,0.6119874964478546,0.5959936400801564,0.5865989684074789,0.3897346257746703,0.6092844601141396,0.0,0.5834226321182843,0.5240219092331768,0.613450885668277,0.2457457457457457
53,0.4482205419705419,0.1975761903345135,0.5726217523685877,0.5063770153423118,0.5656500173249805,0.2683098665822918,0.5612843968466458,0.1,0.5622195908178864,0.4894214009264958,0.5357088110802503,0.1214229249011857
54,0.4033726067273836,0.03,0.5341755687939973,0.4455326059607951,0.4501032837477723,0.3803143587829621,0.5092912638298605,0.0,0.5255471340573411,0.4681417927297359,0.2432289531349402,0.0121212121212121
55,0.6910253582452336,0.6926117476264715,0.7115265617624964,0.6393009033217579,0.6888727122789222,0.682257176788986,0.6553817571183252,0.6926117476264715,0.6581344822261734,0.6633485732646548,0.7184073061441483,0.6926117476264715
56,0.9288220551378448,0.9288220551378448,0.9288220551378448,0.8567587034813926,0.92692793931732,0.92692793931732,0.8929737464658704,0.9288220551378448,0.8864780462990112,0.9225470217600076,0.9288220551378448,0.9288220551378448
57,0.9150473144075704,0.9150473144075704,0.9150473144075704,0.8565036980581381,0.9150473144075704,0.7877466859794604,0.8811681875757367,0.9150473144075704,0.8920181052734042,0.725189004857827,0.9150473144075704,0.9150473144075704
58,0.9145701643489254,0.9145701643489254,0.9145701643489254,0.843528311594046,0.9145701643489254,0.8409987357774968,0.8855302739951023,0.9145701643489254,0.8827419358006419,0.5335164835164835,0.9145701643489254,0.9145701643489254
59,0.9440497471510556,0.8705297256346455,0.9469033572491072,0.9321904842249884,0.9443397773202168,0.8761758563074352,0.9314368750509548,0.8705297256346455,0.9424517780599204,0.7572456538607982,0.8738097757177286,0.8705297256346455
60,0.9159711872826628,0.9159711872826628,0.9159711872826628,0.8533716368578755,0.9159711872826628,0.906751875520978,0.8765795649696578,0.9159711872826628,0.8758858016027643,0.9159711872826628,0.9159711872826628,0.9159711872826628
61,0.8905621096460792,0.8905621096460792,0.8861332052171746,0.8517956362518033,0.8846963578255975,0.8888734674994216,0.883308765258127,0.8905621096460792,0.8748860736210424,0.646731034245095,0.8905621096460792,0.8905621096460792
62,0.8983849842256921,0.8983849842256921,0.8983849842256921,0.8478946757709644,0.9016317374724452,0.8167832526239606,0.8902776226248527,0.8983849842256921,0.891995322400805,0.8944305873509413,0.8983849842256921,0.8983849842256921
63,0.7614645217973391,0.0,0.7364473684210526,0.7176867508136858,0.7715625318953492,0.3012356979405034,0.7370610126028083,0.0,0.7414265393212762,0.6094192799070848,0.2998550724637681,0.0
64,0.8063538611925709,0.0,0.8436843769765972,0.8134968102073366,0.8111157659544757,0.6814336917562724,0.811431083489907,0.0,0.8235522956111192,0.8311784618792405,0.6256540560888387,0.0
65,0.8648648648648647,0.8648648648648647,0.8648648648648647,0.7591524793273707,0.8672352378568616,0.8648648648648647,0.8303979921815259,0.8648648648648647,0.8309210399061884,0.8252252252252251,0.8648648648648647,0.8648648648648647
66,0.8312173823475554,0.8330628547885002,0.8330628547885002,0.7926846389914917,0.8268491882508743,0.6949214771720535,0.8058224393867958,0.8330628547885002,0.8066943713389472,0.3324590814045714,0.8330628547885002,0.8330628547885002
67,0.8101874309429486,0.8070985468882734,0.8099866535720581,0.7678457966764418,0.8054378169877208,0.701266855344846,0.8155309652836744,0.6526315789473685,0.8263120918283752,0.6158337224083557,0.8042928591275353,0.0
68,0.7910367799548791,0.0,0.7721963870744358,0.7345751633986929,0.7840363407805268,0.5549153049985612,0.7743764172335601,0.0,0.7555405060056224,0.6402470078940666,0.7521529047844837,0.0
69,0.8882716049382717,0.7938312173263631,0.90494570672618,0.8996440400911945,0.8856057920635466,0.8501857614332862,0.8910690380569898,0.7938312173263631,0.8891112598542318,0.8709317088420724,0.8869656998511888,0.7938312173263631
70,0.7568776475902487,0.0,0.7734219123692807,0.7324338973119461,0.7455526929211139,0.5286805335585824,0.7668118231789606,0.0,0.7793196405648268,0.3622958977389356,0.6379708994708995,0.0
71,0.8720300835114958,0.8715080624620389,0.8844102564102565,0.8266127827340071,0.863349971459639,0.851642742596719,0.8306501987664301,0.8715080624620389,0.8280898570773946,0.866324912201201,0.8715080624620389,0.8715080624620389
72,0.8222282222282222,0.8190506329113922,0.8101748723975234,0.7728825016342549,0.8314203533021127,0.7084909777832195,0.7829268463450056,0.8038488250492944,0.7799501255901422,0.5232293247001251,0.8162657563810676,0.8190506329113922
73,0.7934161247158354,0.7993875577834323,0.7808154527319612,0.7836737013855455,0.7876373908577299,0.5400843560553179,0.7840914291098011,0.693955218684412,0.7793768860614958,0.736952931159054,0.7998158234279721,0.693955218684412
74,0.0,0.0,0.7610635242912235,0.4758906967042136,0.177099555061179,0.1178787878787878,0.5011392990184083,0.0,0.4951165311653117,0.1344632768361581,0.0,0.0
75,0.7705701754385965,0.7606583800088286,0.7796609427720776,0.7062746807925067,0.7611810995361024,0.4488915477203116,0.7582497600224457,0.6506280193236715,0.7528148500316626,0.7431710791650316,0.7679869071586068,0.0
76,0.0,0.0,0.0,0.3011234562734214,0.0,0.0695652173913043,0.2375822491083383,0.0,0.2457111429361537,0.146940867448267,0.0,0.0
77,0.3037489102005231,0.0,0.475687292343708,0.425724567829831,0.3497643097643098,0.401200373125839,0.4274999999999999,0.0,0.4118143647555413,0.1981900452488688,0.0,0.0
78,0.817630602688074,0.8348399795873732,0.8326782820887274,0.7329299169299169,0.8224908378510749,0.5538654667253817,0.8023221818609368,0.8348399795873732,0.7984815314639877,0.7974400613366603,0.8321134358824815,0.8348399795873732
79,0.0,0.0,0.3165659246154602,0.2420917014020462,0.0485294117647058,0.0835820895522388,0.255494071146245,0.0,0.2504912280701754,0.3170642515379357,0.0,0.0
80,0.7925915653907838,0.7768658008658009,0.7809435248983239,0.708347514554411,0.7944089572846439,0.588668861434623,0.7546164255397748,0.0,0.7468766482559588,0.5071436302471843,0.7799821035856442,0.7736532239690135
81,0.4331581079874141,0.4032347227022126,0.5908429803345252,0.5564878799951655,0.5389389603389241,0.2245377805065184,0.5657271483027362,0.5746989039329465,0.560692210038473,0.2685705523638705,0.5105450432686707,0.3020321447445482
82,0.1249669176409526,0.0,0.3627463819980609,0.4090702168385036,0.2490986460348162,0.2214321042540776,0.4200713230791397,0.0,0.444428546193252,0.3318411983033315,0.0,0.0
83,0.758366569678045,0.7897543851861046,0.7608884150675195,0.7132263940302015,0.7618317166704263,0.5794129608365086,0.7162760804166679,0.679463459759482,0.74888608428446,0.7453623286283515,0.7740007295233389,0.679463459759482
84,0.7512545184384777,0.7168522122831308,0.7654722433529996,0.6695263954771478,0.7389236190729053,0.7119743286251611,0.7058782927326251,0.7168522122831308,0.6958610249743391,0.7380761293095282,0.7692506393496492,0.7168522122831308
85,0.6726243878189071,0.6983313789958537,0.6781143416907496,0.6263047682706239,0.6769217127212672,0.2977799227799227,0.6184905692251814,0.6542096219931273,0.6349153001654856,0.5164396372035378,0.5615250702264648,0.0
86,0.7025691846534938,0.7063592467140994,0.7029922662986814,0.6014133209292775,0.6971103524851036,0.5568873100031141,0.6434335448342392,0.6722545746935991,0.6653634342770882,0.676979222018051,0.7078047101243229,0.6722545746935991
87,0.6584895776492414,0.5824937372626454,0.7094852390717052,0.6445243693623576,0.7086026670326403,0.551568390515231,0.7202001884844661,0.0,0.7125926855576736,0.2809545331284461,0.6856122004357298,0.6038221805294977
88,0.5697214413493483,0.3929238362011471,0.6587295597484277,0.5907519091133167,0.6108527591007376,0.4001321088878692,0.6409286800674148,0.0,0.6253954933954934,0.4538656122457244,0.6350437710437711,0.4522401199947828
89,0.5240109690877921,0.4984628643927449,0.5753594036931495,0.6390716986108333,0.5603710214502529,0.4456435932978727,0.5830534498763038,0.6608160725810571,0.5786608364776541,0.5377230653396822,0.5914147772532106,0.0
90,0.9441589403973512,0.9441589403973512,0.9441589403973512,0.8847389193848387,0.9441589403973512,0.9441589403973512,0.924336435631662,0.9441589403973512,0.930553224106544,0.9441589403973512,0.9441589403973512,0.9441589403973512
91,0.9493813273340834,0.9493813273340834,0.9493813273340834,0.892257815142705,0.9493813273340834,0.9477051368578928,0.930093439334223,0.9493813273340834,0.9334323413491749,0.9493813273340834,0.9493813273340834,0.9493813273340834
92,0.86311004784689,0.0,0.9018045112781956,0.8709022556390977,0.8631100478468898,0.6371428571428572,0.8378719526087949,0.0,0.8474239947695323,0.8688525661981039,0.0,0.0
93,0.9580276312475746,0.9258408525182932,0.972115121316072,0.9668017071762712,0.9669153374084454,0.9392705570785348,0.9620555906977212,0.9258408525182932,0.9593920128261632,0.9544107348878612,0.9258408525182932,0.9258408525182932
94,0.8938339438339439,0.0,0.8945863991081382,0.8771550671550672,0.8846031746031746,0.6842003284072249,0.8850915750915751,0.0,0.8909572649572649,0.8785166940339353,0.2498168498168498,0.0
95,0.8221293199554068,0.0,0.8854044201412622,0.7829069481243394,0.803478260869565,0.6989409141583054,0.7920237572411486,0.0,0.8115866741953699,0.6639503105590062,0.0,0.0
96,0.9457781806004564,0.918139030307172,0.9466332742858308,0.9212350660009988,0.947802055793505,0.8713434380199925,0.9323361582997224,0.918139030307172,0.9341941480219952,0.9294971080096346,0.918139030307172,0.918139030307172
97,0.9145945520390488,0.9145945520390488,0.9145945520390488,0.8619327642695691,0.9168756530825496,0.913081142077363,0.8848995013856273,0.9145945520390488,0.8881603952917463,0.6937300683145247,0.9145945520390488,0.9145945520390488
98,0.9185265438786564,0.9185265438786564,0.9185265438786564,0.8680381509012557,0.9185265438786564,0.9185265438786564,0.8932132610633531,0.9185265438786564,0.8963550391536572,0.916988236017304,0.9185265438786564,0.9185265438786564
99,0.9309690154590016,0.9309690154590016,0.9309690154590016,0.8648020767285753,0.9309690154590016,0.9309690154590016,0.8991756732002198,0.9309690154590016,0.9034595716397869,0.920732432242516,0.9309690154590016,0.9309690154590016
100,0.9316296684296648,0.9316296684296648,0.9336580659955876,0.8969163640858528,0.9316296684296648,0.9303938701438366,0.9037540128257644,0.9316296684296648,0.9103122920911892,0.7264648678449703,0.9316296684296648,0.9316296684296648
101,0.8673168661403956,0.8684785976155217,0.8678589137214663,0.8464835131387101,0.859664840139545,0.8144063278967808,0.8431422984238379,0.7018906308324002,0.8630044389890322,0.8375197442215038,0.8684785976155217,0.7018906308324002
102,0.9282632800893352,0.9050875729774812,0.9347275778970304,0.9179561408721904,0.9295345804240682,0.8982693911592993,0.936418242919791,0.9050875729774812,0.9325386463590348,0.9131829791247252,0.9050875729774812,0.9050875729774812
103,0.9343265591604002,0.8598898672216126,0.9408866971206736,0.9304303358217472,0.9372348598797874,0.8870017052951107,0.9385320922243012,0.919338913409264,0.9352619387620756,0.7472904221228786,0.9396746331463052,0.8598898672216126
104,0.7738164037544841,0.0,0.79814290280004,0.6963078061413244,0.7712064937881464,0.3963895549244796,0.7494566353187042,0.0,0.7595411605937923,0.7559049463070313,0.744890533456676,0.0
105,0.8008931419457734,0.0,0.7968794866908074,0.7005530072560857,0.805484585295906,0.5929974937343359,0.7661899973806284,0.0,0.7598074652401262,0.4898613659187944,0.7553318903318903,0.0
106,0.8552458937561678,0.8695043807543807,0.8645178717781459,0.810713430912271,0.8513905073463895,0.8316377412852887,0.8512250647902821,0.6908967223252939,0.8480188273443187,0.700286484011338,0.8582810753409345,0.6908967223252939
107,0.8491418354575873,0.774526151300671,0.8233446712018141,0.7983276298169916,0.8491418354575873,0.800193435433901,0.8357356928785501,0.0,0.8105708824410268,0.8440654664484452,0.8190747437370934,0.0
108,0.8005046142488002,0.0,0.8093235314907755,0.7565707087047591,0.8003391053391052,0.6350776207919065,0.7848188848188848,0.0,0.778142233817642,0.6530463821892393,0.7850812206489362,0.0
109,0.8950969385348365,0.8976630973159111,0.8897673850266863,0.7881986918425274,0.8950969385348365,0.8674109964755751,0.881110742378165,0.8976630973159111,0.8851819589624468,0.8424482963629961,0.8976630973159111,0.8976630973159111
110,0.8569029958024267,0.8453712314965511,0.867481533811457,0.8368554113187564,0.8532467532467534,0.6616443914891837,0.8540326340326342,0.7025573692220466,0.8583949763612388,0.8612798682603019,0.8503187057372651,0.7025573692220466
111,0.8934831146106736,0.8934831146106736,0.8893728449061417,0.8481870761866773,0.8906474121891332,0.7655231387215838,0.8593384590557871,0.8934831146106736,0.8747876294106625,0.5124000477383935,0.8934831146106736,0.8934831146106736
112,0.0,0.0,0.8072261072261071,0.5564102564102564,0.0603988603988604,0.2260546350201522,0.5348631678003495,0.0,0.5312565733153968,0.075187969924812,0.0,0.0
113,0.8970924612390936,0.8970924612390936,0.8970924612390936,0.8147781860740849,0.8970924612390936,0.7896981327211696,0.8475304403336388,0.8970924612390936,0.8402895709136408,0.7464211103233576,0.8970924612390936,0.8970924612390936
114,0.9034495713394796,0.9034495713394796,0.9034495713394796,0.826698111581908,0.9014512093411176,0.9034495713394796,0.8421118816458621,0.9034495713394796,0.8461562947490989,0.8051605844069609,0.9034495713394796,0.9034495713394796
115,0.7856836063794137,0.8194642336075889,0.8081086898036052,0.7308821263482279,0.7909700821777094,0.5625133428367611,0.7650847457627119,0.6725274725274726,0.7981544256120527,0.5752965534039702,0.8247093584481211,0.6725274725274726
116,0.8802486231313926,0.8802486231313926,0.8802486231313926,0.7836304199006763,0.8802486231313926,0.8798583792289536,0.8088867766477044,0.8802486231313926,0.8252520821337775,0.8661694511450608,0.8802486231313926,0.8802486231313926
117,0.8837672969182797,0.8837672969182797,0.8837672969182797,0.7963421909737233,0.8825287564532198,0.7708316140969554,0.8268476582872036,0.8837672969182797,0.827155577850539,0.6023962089898147,0.8837672969182797,0.8837672969182797
118,0.7941334342549855,0.7899734333489608,0.7926034533099752,0.7594700139883206,0.772970731542987,0.6708860642979659,0.7786081249668205,0.7899734333489608,0.7709941718622932,0.7034867968412272,0.78579489583709,0.7899734333489608
119,0.112496914849856,0.0,0.2326723727814809,0.3507998384594129,0.096578947368421,0.1896332304574686,0.3031780804078063,0.0,0.3268359050937447,0.3057509157509157,0.0,0.0
120,0.144,0.0,0.2956586774161857,0.4813306407834451,0.1704557091653865,0.1421538461538461,0.3942303433001107,0.0,0.3950626566416039,0.2481947804778997,0.0,0.0
121,0.1351000690131125,0.0,0.4478994629669292,0.47922941469755,0.2831342570473005,0.1518326118326118,0.4367499167499168,0.0,0.4735387218145839,0.3137323279043907,0.0,0.0
122,0.699100832562442,0.5862333532100974,0.6920900052328622,0.6764399092970521,0.7122285968000253,0.5123816663097023,0.7053329946992848,0.0,0.70905993603115,0.5769830007926393,0.6607543017206883,0.6110628019323672
123,0.6014055094194122,0.4476000645057248,0.6735384601721919,0.5649401306240929,0.6408082684139023,0.5492833253702818,0.5852234028921359,0.242296211251435,0.6058509010248297,0.3385342789598108,0.7009022017480377,0.567817028144897
124,0.7112961743038729,0.6985308279125052,0.723839601888924,0.715662907787735,0.7179198781277095,0.6390012199289904,0.6944553731226917,0.6985308279125052,0.6921400544617393,0.5661799253245017,0.733449534862312,0.6985308279125052
125,0.5508397781906944,0.6773811839579535,0.670075721695467,0.7132423284086788,0.5482432552475889,0.518431226026262,0.5990499288685258,0.6773811839579535,0.5937042677999296,0.3851873626071579,0.6644465025066422,0.6773811839579535
126,0.5447216248506571,0.4972740467080089,0.5215328778767108,0.709467292510084,0.5817199669993199,0.4553739473713728,0.6195681872596933,0.6673952198814078,0.6265550717637238,0.4169811320754716,0.6424691500403644,0.6215731276668013
127,0.7171055084586626,0.7456369074404726,0.6614440836375332,0.7436741389712107,0.7330917589499945,0.7400830322306963,0.7304826374258118,0.7456369074404726,0.7208843102976362,0.4390430434356309,0.7384199396611592,0.7456369074404726
128,0.6588103925060447,0.5242301004892563,0.7069078747339617,0.654695029981974,0.7249316363396879,0.6043389511771288,0.695071509133561,0.1244444444444444,0.7005971151540069,0.3045182186234818,0.6740995384061891,0.6018952277650071
129,0.6882638835808359,0.6969408998098054,0.6850382734559737,0.6796543090237378,0.6842963271805778,0.5825463797632942,0.6575091514532209,0.6969408998098054,0.6462752102367659,0.6662172042466145,0.7021961611934069,0.6969408998098054
130,0.9758288485814895,0.9758288485814895,0.9758288485814895,0.9250015259100156,0.9758288485814895,0.9758288485814895,0.9722809115673376,0.9758288485814895,0.9710982658959536,0.9758288485814895,0.9758288485814895,0.9758288485814895
131,0.976086635459408,0.976086635459408,0.976086635459408,0.9447149828947582,0.976086635459408,0.976086635459408,0.9738533258846872,0.976086635459408,0.9738533258846872,0.976086635459408,0.976086635459408,0.976086635459408
132,0.974543927168296,0.9584474885844748,0.9857934809718064,0.9739322153269226,0.9744055639515958,0.9591663271633936,0.9661357667945384,0.9584474885844748,0.967838235121264,0.9684541709697934,0.9584474885844748,0.9584474885844748
133,0.9763627288823687,0.9601013171225936,0.98232670011229,0.9725901533922324,0.9761025025467904,0.9606136167580852,0.9756969663713516,0.9601013171225936,0.9787723387796003,0.9683597883597884,0.9601013171225936,0.9601013171225936
134,0.9905303652559392,0.9636358160077324,0.9959909329303523,0.989169821038252,0.9905303652559392,0.9622260979968872,0.9892060989268788,0.9636358160077324,0.9864114321898564,0.9918911613329776,0.9636358160077324,0.9636358160077324
135,0.955482201196487,0.9570486656200944,0.9757273817170402,0.963229248081983,0.9668000979214196,0.9582312048627388,0.9687285202094212,0.9570486656200944,0.9707240362268824,0.960913585846465,0.9570486656200944,0.9570486656200944
136,0.9707863115647668,0.9488749615975424,0.9783165493744636,0.9690152068766588,0.969765905024344,0.95009347759643,0.9693974093239216,0.9488749615975424,0.9676163940926704,0.9671349199349903,0.9488749615975424,0.9488749615975424
137,0.9490069084628672,0.9490069084628672,0.9490069084628672,0.923250150813746,0.9490069084628672,0.9311882810118868,0.9323336263624528,0.9490069084628672,0.9346119291846532,0.9490069084628672,0.9490069084628672,0.9490069084628672
138,0.95510801203172,0.95510801203172,0.95510801203172,0.918127474595928,0.95510801203172,0.95510801203172,0.9369079780215456,0.95510801203172,0.938506428937455,0.7638036642056332,0.95510801203172,0.95510801203172
139,0.955946275946276,0.955946275946276,0.955946275946276,0.9200421944760974,0.955946275946276,0.955946275946276,0.9452963877557772,0.955946275946276,0.9440765623834094,0.7647374847374847,0.955946275946276,0.955946275946276
140,0.8785404012218377,0.8962214859181854,0.8818571306335489,0.851954950692531,0.8782478382712166,0.735463814004713,0.8865042573996282,0.7286039579711963,0.8763308695172981,0.8754156177338244,0.8831429431663214,0.0
141,0.9076172412818376,0.0,0.9097070707070708,0.9016449768313122,0.9110863212215058,0.821936017808883,0.8912775926036687,0.0,0.8993638527487524,0.7210743556295263,0.9153101556828264,0.0
142,0.8866716388277955,0.0,0.8967237205977989,0.8973361522198731,0.8903431364123368,0.7574343434343435,0.9114574314574314,0.0,0.8834270595670384,0.7292499748313702,0.912840936715015,0.0
143,0.9506168699000732,0.9300665456745312,0.952210246030568,0.9321972731318526,0.9499908863066756,0.9246878733912488,0.9435675799738577,0.9300665456745312,0.9437776323848874,0.9346726475922108,0.9300665456745312,0.9300665456745312
144,0.9491990846681924,0.9491990846681924,0.9509972728154834,0.9352249610816876,0.9491990846681924,0.9279312567132116,0.9481512776609972,0.9491990846681924,0.9379052644266302,0.9491990846681924,0.9491990846681924,0.9491990846681924
145,0.9425904828032488,0.9490539262950396,0.9442361703529124,0.9251250688382378,0.9426839159401602,0.9292062341428052,0.9345253179192716,0.7455546813532652,0.9206541154188892,0.9515659534428874,0.9584246486374146,0.7455546813532652
146,0.8636474060385089,0.8651279942543709,0.8725612326489275,0.8140126557998426,0.8649402824705188,0.8334825666083011,0.8285160876739252,0.6949780102466645,0.8396599611445588,0.8332892127248499,0.8695952593874315,0.865334322859294
147,0.8822846870055422,0.8946648316511331,0.8940443637112707,0.8757971441070034,0.8900592604253932,0.8617931031883629,0.8918273142382731,0.7132572939912389,0.8809618319168772,0.8487036494375942,0.8864548537542797,0.6911364645806899
148,0.9257532454167215,0.7824542124542125,0.9318687022920312,0.9259538482104694,0.9261193780547142,0.8688165176670924,0.9191116283119988,0.7824542124542125,0.9109710430253066,0.9334021752659276,0.9385838002025284,0.7824542124542125
149,0.0,0.0,0.0,0.1613636363636363,0.0,0.0,0.1494505494505494,0.0,0.1458791208791208,0.1249230769230769,0.0,0.0
150,0.8746841708913381,0.879216445544764,0.888631158714188,0.8411853094360808,0.8760016841682203,0.8573334355642077,0.8647654433276324,0.8859806988591519,0.8641932624005644,0.8909163039231724,0.8819767290824112,0.8768271882474338
151,0.9378298652634935,0.9378298652634935,0.9378298652634935,0.8938821393575012,0.9378298652634935,0.9216478172230383,0.9159530649438906,0.9378298652634935,0.9159864260781692,0.9378298652634935,0.9378298652634935,0.9378298652634935
152,0.9380331080419236,0.9380331080419236,0.9380331080419236,0.8821576862943086,0.9380331080419236,0.8865248143472817,0.9152018633540372,0.9380331080419236,0.9138638481248544,0.8568765295774193,0.9380331080419236,0.9380331080419236
153,0.0,0.0,0.0,0.2220189511211183,0.0,0.1185882352941176,0.0783882783882784,0.0,0.0793406593406593,0.0692810457516339,0.0,0.0
154,0.8960393389596929,0.9042667509481668,0.901203135988798,0.8471023185781089,0.898034190954545,0.8231970231553781,0.8768322157038039,0.9042667509481668,0.8752714533388136,0.5929481764214324,0.9042667509481668,0.9042667509481668
155,0.9266705390599196,0.924997437386818,0.9252971403430118,0.9008342632352996,0.9333593095060986,0.8802882102033639,0.9188836320911792,0.924997437386818,0.9245439335879188,0.9162114845938376,0.924997437386818,0.924997437386818
156,0.0,0.0,0.075,0.2239863123993558,0.0,0.186231884057971,0.2157575757575757,0.0,0.2198932112890922,0.2825315425315425,0.0,0.0
157,0.8802746102841942,0.8862870890136326,0.8741939273921252,0.7820266104355318,0.8823539536494474,0.8243978640421445,0.8343567389289195,0.8774441375350224,0.8314508338604725,0.7452523732909866,0.8862870890136326,0.8862870890136326
158,0.9166682387085072,0.9166682387085072,0.9166682387085072,0.859609058137775,0.9166682387085072,0.8428069648472334,0.8693761500031124,0.9166682387085072,0.8820106725425874,0.6848168779749432,0.9166682387085072,0.9166682387085072
159,0.9236685894750412,0.9236685894750412,0.9236685894750412,0.8503815451336297,0.9236685894750412,0.9218033406299264,0.8846842023504198,0.9236685894750412,0.8798609195754548,0.8857870805078178,0.9236685894750412,0.9236685894750412
160,0.3904530315088751,0.6850254740089528,0.7188928527361447,0.8540520806230759,0.7298798000596216,0.5472284869575462,0.763227736969564,0.6850254740089528,0.7584587155963304,0.4104032898059303,0.6758300908429703,0.6850254740089528
161,0.162781954887218,0.0,0.2087296673055187,0.392983164983165,0.1735294117647058,0.1741154416933531,0.3785847003238308,0.0,0.3477496416626852,0.116389599317988,0.0,0.0
162,0.1586501035196687,0.0,0.1633367212497647,0.2681781784107365,0.1261183261183261,0.1330454545454545,0.3344369369369369,0.0,0.3342670401493931,0.2126697656184369,0.0,0.0
163,0.0,0.0,0.0,0.1325927695492912,0.0,0.2415032679738561,0.1372431077694235,0.0,0.1191176470588235,0.1402194538404422,0.0,0.0
164,0.717128687429335,0.5130409356725145,0.7751400594836019,0.7140348562317884,0.7821546341856902,0.3480489913773272,0.7740143946570303,0.5908995266887749,0.7550949423247559,0.4641129047476497,0.7723156631073481,0.650853028958619
165,0.6937328733589464,0.7020768905587355,0.6832363919277084,0.7906304810923656,0.7070886900403128,0.4524800637958533,0.7220933367105132,0.7020768905587355,0.7159356304175963,0.5102418979889002,0.7125203832815821,0.7020768905587355
166,0.6809299195524914,0.7296142567110309,0.6465384077962372,0.7927827821626378,0.7364459152382816,0.407817026298741,0.7626012464047036,0.7440067783627464,0.7385027754379143,0.3877642771804062,0.7483925706180296,0.7245570622498629
167,0.5517955639606115,0.4885132231586793,0.6656464214371188,0.7059389626251485,0.6779728143115463,0.3794659893428845,0.7156654878005215,0.6705287738006013,0.7113596614089769,0.4623947400647756,0.690446418117651,0.6414592957151062
168,0.5165949539282874,0.3918712278885856,0.7462938180365525,0.7667269512659509,0.6460062898512349,0.4999451439264256,0.6884691853999103,0.0,0.6919076599480719,0.2588652482269503,0.5504744858296702,0.2270481590052145
169,0.7127912683409143,0.7198035215718275,0.752372320310889,0.7458113067348705,0.7604188173503881,0.5942164521205032,0.7449166453739142,0.7561533210255111,0.7376661581312745,0.5196818205747855,0.7306926976784351,0.7151379315482265
170,0.5288414698718628,0.3394619407146956,0.7626214944185696,0.794857680399849,0.6343489753372386,0.580563124012775,0.6827539417104636,0.0,0.663627440256401,0.6314739223719034,0.4734119927001869,0.447768675419893
171,0.4083665601343421,0.3529397831350668,0.7474260154146809,0.7682105278085027,0.5545706764780663,0.4772955577391257,0.6465290899697812,0.2297089201877934,0.6636940176528278,0.4717165783951272,0.5623045648368844,0.3491102655751567
172,0.4821732826895591,0.5340264058711832,0.7637096123581781,0.7945071478405017,0.550217429327428,0.1598409687276362,0.6807250018673919,0.6709900851836336,0.647973451781863,0.5495121758380772,0.6787320830606071,0.6709900851836336
173,0.6326289764015911,0.633719871952721,0.7201258570712451,0.7803965007369187,0.6257329021615122,0.4996325754562981,0.7130780414906364,0.6761858362733534,0.6949436316941258,0.2673292147909391,0.6978067581570501,0.6761858362733534
174,0.6713505803569229,0.6965532286212917,0.7324325487909584,0.734548047231384,0.7065218222486374,0.6062101488770965,0.7038694879342353,0.6965532286212917,0.6974859344933436,0.5971508997056124,0.7197108212013011,0.6965532286212917
175,0.4140179244262678,0.1561904761904761,0.7726777717207297,0.8043122343122343,0.5920721249145015,0.4661977179373752,0.666691804927099,0.0,0.6630018763406431,0.4878829079253877,0.4844736399804892,0.0088888888888888
176,0.9843587305126876,0.9843587305126876,0.9843587305126876,0.9681095317818348,0.9843587305126876,0.9589905912891268,0.9843587305126876,0.9843587305126876,0.9843587305126876,0.7879515448839451,0.9843587305126876,0.9843587305126876
177,0.9831073446327684,0.9831073446327684,0.9831073446327684,0.9654241705058402,0.9831073446327684,0.9831073446327684,0.9831073446327684,0.9831073446327684,0.9831073446327684,0.9831073446327684,0.9831073446327684,0.9831073446327684
178,0.9628537131897976,0.9604316365568812,0.9800963299665542,0.9754978625795016,0.9791160372194856,0.9490525394634982,0.9684673289516926,0.9604316365568812,0.9682187481999808,0.961250679371712,0.9604316365568812,0.9604316365568812
179,0.9814188282647583,0.959867330016584,0.9846623605402232,0.9783167354527912,0.9846379704679012,0.9633091845441768,0.9815373605402232,0.959867330016584,0.9737365827810354,0.9802392124083048,0.959867330016584,0.959867330016584
180,0.9791945985049434,0.9791945985049434,0.9791945985049434,0.9632803915692738,0.9791945985049434,0.9569759403921394,0.9763389753627733,0.9791945985049434,0.9763389753627733,0.9791945985049434,0.9791945985049434,0.9791945985049434
181,0.9741929267545965,0.9741929267545965,0.9741929267545965,0.9578049589445884,0.9741929267545965,0.9506097027274214,0.9697522206638616,0.9741929267545965,0.9697522206638616,0.7795405203374843,0.9741929267545965,0.9741929267545965
182,0.9640909652145608,0.9687374298610252,0.9706162978535748,0.9631294261143998,0.9640909652145608,0.9640909652145608,0.9658799914483216,0.9687374298610252,0.9587178897482704,0.9615866504669294,0.9687374298610252,0.9687374298610252
183,0.9680247351215094,0.9683272283272284,0.9646647024753848,0.9680247351215094,0.9680247351215094,0.9309814916266528,0.9647350487957308,0.9620665356149226,0.9647477253928866,0.7682315522922345,0.968438196740682,0.7176985679395175
184,0.9345887445887444,0.0,0.9230021141649049,0.9212554112554112,0.9220459250894032,0.7995241098962713,0.9294434417917116,0.0,0.9244773797020268,0.9398190047229482,0.9405667771640844,0.0
185,0.9344959388437648,0.9368370759675108,0.9339130434782608,0.9122247394255508,0.9368370759675108,0.9312910211560886,0.9230761313248722,0.9368370759675108,0.9199879829357688,0.7453918748732787,0.9368370759675108,0.9368370759675108
186,0.957298831006696,0.957298831006696,0.957298831006696,0.9240275387263338,0.957298831006696,0.957298831006696,0.9376046897580932,0.957298831006696,0.949464122775271,0.954949494949495,0.957298831006696,0.957298831006696
187,0.9290121743087952,0.9293637976929904,0.9324268774703558,0.9369698638956953,0.9330845724988404,0.8800520208083233,0.9218851540616246,0.0,0.922845791671824,0.7304945054945055,0.935214476426022,0.0
188,0.0,0.0,0.0,0.0727272727272727,0.0,0.0210526315789473,0.0,0.0,0.0,0.0333333333333333,0.0,0.0
189,0.9532233883058472,0.9532233883058472,0.9555691910293884,0.9421718645253692,0.954901496620111,0.932892976416699,0.947043785087094,0.9532233883058472,0.9509449339423716,0.9131082059617208,0.9532233883058472,0.9532233883058472
190,0.9435619269017176,0.9435619269017176,0.9448761876989624,0.9208205644879168,0.9405890309708912,0.8763986794684719,0.9292397889388312,0.9383851580872749,0.931812911210996,0.7052600626692233,0.9435619269017176,0.9435619269017176
191,0.962192692068853,0.962192692068853,0.962192692068853,0.9321466518938946,0.962192692068853,0.9421104167344768,0.9414168391507308,0.962192692068853,0.9357625440009546,0.9450464396284828,0.962192692068853,0.962192692068853
192,0.9600986110663527,0.9600986110663527,0.9600986110663527,0.9303888156300644,0.9600986110663527,0.9600986110663527,0.9450403239600133,0.9600986110663527,0.9421655503771572,0.9450212178713128,0.9600986110663527,0.9600986110663527
193,0.0,0.0,0.0,0.0,0.0,0.0,0.0,0.0,0.0,0.05,0.0,0.0
194,0.0,0.0,0.0,0.1494505494505494,0.0,0.0,0.103030303030303,0.0,0.109090909090909,0.1252525252525252,0.0,0.0
195,0.0,0.0,0.0,0.2365367965367965,0.0,0.0,0.2015873015873016,0.0,0.1738095238095238,0.0,0.0,0.0
196,0.9584407917614748,0.9584407917614748,0.9584407917614748,0.9212038084955284,0.9584407917614748,0.9452508276037688,0.9458455191484674,0.9584407917614748,0.943229479884071,0.8743255076461907,0.9584407917614748,0.9584407917614748
197,0.0,0.0,0.0,0.2257142857142857,0.0,0.0571428571428571,0.1479020979020979,0.0,0.2083333333333333,0.0666666666666666,0.0,0.0
198,0.0944444444444444,0.0,0.0444444444444444,0.239366515837104,0.0444444444444444,0.0444444444444444,0.25,0.0,0.2342857142857143,0.0571428571428571,0.0,0.0
199,0.8299961450373026,0.8333363140481088,0.9373327782040932,0.911869838441795,0.8609765281619678,0.8308309234625024,0.8687937524080496,0.8333363140481088,0.8661988472937422,0.8333363140481088,0.8333363140481088,0.8333363140481088
200,0.0,0.0,0.0,0.1179265179265179,0.0,0.0,0.104102564102564,0.0,0.1611111111111111,0.1242757242757242,0.0,0.0
201,0.0,0.0,0.0,0.2686215538847117,0.0,0.1186813186813186,0.2113994828700711,0.0,0.241344537815126,0.025,0.0,0.0
202,0.0,0.0,0.0,0.2066666666666666,0.0,0.0588235294117647,0.2415773115773116,0.0,0.1843045843045843,0.038095238095238,0.0,0.0
203,0.0,0.0,0.0,0.0701960784313725,0.0,0.06,0.1972427572427572,0.0,0.1412987012987013,0.0,0.0,0.0
204,0.05,0.0,0.0,0.159412955465587,0.0307692307692307,0.0,0.04,0.0,0.1107692307692307,0.0444444444444444,0.0,0.0
205,0.0,0.0,0.0,0.0977777777777777,0.0,0.0,0.1571717171717171,0.0,0.1824242424242424,0.0,0.0,0.0
206,0.8523380465497242,0.8523690158208342,0.8553946720549496,0.8514905372536818,0.851389306599833,0.7952234864050407,0.837829494404587,0.848032829733496,0.8378701407716912,0.7617596968244185,0.8523690158208342,0.8523690158208342
207,0.766652287793501,0.7652468253968255,0.6721389166604199,0.813613437466743,0.7668920421086383,0.6567887569925897,0.7731231105862738,0.6615344140206019,0.7599394144494402,0.6094529290236385,0.7571286284823691,0.0
208,0.5547557907615983,0.4874321295143213,0.9291996177926098,0.9205387383369792,0.8044108525221452,0.6821629191924794,0.8694620656773348,0.6709677419354839,0.8668213636378305,0.4580734260778,0.6329635636239102,0.6709677419354839
209,0.853781512605042,0.853781512605042,0.853781512605042,0.8540171201801332,0.8522233267920735,0.6627036901717209,0.8307935859359983,0.853781512605042,0.8409164737820014,0.853781512605042,0.8614512068684069,0.853781512605042
210,0.841477040824817,0.8412168100099133,0.879533971728226,0.8963721451809545,0.8478604167413142,0.8330737038183846,0.8593105285134813,0.8412168100099133,0.857493061946802,0.8369878891236577,0.8412168100099133,0.8412168100099133
211,0.017391304347826,0.0,0.16,0.77339742639372,0.3096193536193536,0.0639933856965688,0.6024297683390161,0.0,0.6014388955817322,0.3910200587084148,0.5446195447698788,0.0
212,0.6765165189296093,0.7353560371517027,0.7651116080134164,0.8421493516768572,0.7236971971956493,0.5252148517046363,0.7551166691459645,0.7353560371517027,0.7638440771247724,0.4559837352287097,0.770537915084931,0.7353560371517027
213,0.6006905094905095,0.0,0.7340903991486135,0.8150971733973534,0.5976744938658578,0.5783079231839066,0.6387062573978464,0.6476343838662679,0.6377736550908624,0.609658707740072,0.292413967611336,0.0
214,0.6949917393393676,0.706326972286359,0.7738943166538838,0.822203712421901,0.6954095430709446,0.6985606810126588,0.7324494788578824,0.6774835327328942,0.7238765978118664,0.5042189512271303,0.7040907855340433,0.6774835327328942
215,0.9846143228751923,0.9846143228751923,0.9846143228751923,0.977197443079796,0.9846143228751923,0.9846143228751923,0.9823676806285502,0.9846143228751923,0.9823676806285502,0.9846143228751923,0.9846143228751923,0.9846143228751923
216,0.9778743961352656,0.980121038381908,0.977875457875458,0.9616876214319068,0.980121038381908,0.9755772675460024,0.9616354139639688,0.980121038381908,0.9591246303826256,0.9656517588308732,0.980121038381908,0.980121038381908
217,0.9779710144927536,0.9779710144927536,0.9779710144927536,0.9546918598642736,0.9779710144927536,0.9686240774743714,0.968633674310274,0.9779710144927536,0.9686847468332568,0.8721691226890886,0.9779710144927536,0.9779710144927536
218,0.981139417693169,0.9832894736842104,0.9832894736842104,0.972407614781635,0.9832894736842104,0.9832894736842104,0.974602463605823,0.9832894736842104,0.9746911160880926,0.954069435637286,0.9832894736842104,0.9832894736842104
219,0.983959595959596,0.983959595959596,0.98189898989899,0.9754611637318404,0.983959595959596,0.983959595959596,0.9818131313131312,0.983959595959596,0.9797525252525252,0.983959595959596,0.983959595959596,0.983959595959596
220,0.9846143228751923,0.9846143228751923,0.9823676806285502,0.970726323054878,0.9846143228751923,0.9846143228751923,0.9755267812033812,0.9846143228751923,0.9778239097926444,0.9868121250729944,0.9846143228751923,0.9846143228751923
221,0.9473354231974922,0.9497387669801464,0.95567077512641,0.9274914226974784,0.9473354231974922,0.946853553698216,0.9508000602005036,0.9530893342588824,0.9551434392565264,0.9305749061496188,0.9497387669801464,0.9497387669801464
222,0.98002442002442,0.98002442002442,0.98002442002442,0.9613251406144012,0.98002442002442,0.98002442002442,0.9731835205992512,0.98002442002442,0.973080826788692,0.9588080407512,0.98002442002442,0.98002442002442
223,0.9778577612863326,0.9778577612863326,0.9778577612863326,0.9695299555623562,0.9778577612863326,0.9778577612863326,0.9694427952999382,0.9778577612863326,0.969487902377446,0.969227511139611,0.9778577612863326,0.9778577612863326
224,0.97118272489059,0.97118272489059,0.97118272489059,0.9470415704586228,0.97118272489059,0.9587285124363776,0.964085799258213,0.97118272489059,0.9593329592336648,0.777924297924298,0.97118272489059,0.97118272489059
225,0.9777272914351568,0.98002442002442,0.98002442002442,0.9591901189344044,0.9777272914351568,0.98002442002442,0.9708341845420496,0.98002442002442,0.9661337121701322,0.9411772818730988,0.98002442002442,0.98002442002442
226,0.9713010602554047,0.9713010602554047,0.9713010602554047,0.9464738086350628,0.9713010602554047,0.9713010602554047,0.9603431315496148,0.9713010602554047,0.96477575566309,0.9644431490048444,0.9713010602554047,0.9713010602554047
227,0.9360472215373415,0.9409032205041504,0.9465267646367344,0.912883795238662,0.9382445141065828,0.8862552993166337,0.9271368227970166,0.933091556512711,0.9318274476026414,0.7931286985958301,0.9409032205041504,0.9409032205041504
228,0.9804581580177651,0.9804581580177651,0.9804581580177651,0.955503971683747,0.9804581580177651,0.9636295135164864,0.9692286457503848,0.9804581580177651,0.971474226256835,0.973719806763285,0.9804581580177651,0.9804581580177651
229,0.9662921348314606,0.9662921348314606,0.9661389172625128,0.9454078880221622,0.9662921348314606,0.9662921348314606,0.9631402305559608,0.9662921348314606,0.9631402305559608,0.9406843718079672,0.9662921348314606,0.9662921348314606
230,0.8692342157381002,0.874110288970102,0.9180146898543808,0.9165693362438448,0.8714740807132015,0.8589185669625646,0.8949693579455669,0.8668422916529996,0.897407213705109,0.8367759970584853,0.875630732860859,0.876047373176086
231,0.0,0.0,0.0,0.0571428571428571,0.0,0.0,0.0444444444444444,0.0,0.0,0.0347826086956521,0.0,0.0
232,0.9731835205992508,0.9754806491885144,0.9754806491885144,0.9586019504017544,0.9731835205992508,0.9731835205992508,0.9708341845420496,0.9754806491885144,0.9638383838383838,0.9238500575579228,0.9754806491885144,0.9754806491885144
233,0.0,0.0,0.0,0.0444444444444444,0.0,0.0695,0.0666666666666666,0.0,0.0666666666666666,0.0,0.0,0.0
234,0.0,0.0,0.0,0.0,0.0,0.0571428571428571,0.0,0.0,0.0,0.0,0.0,0.0
235,0.0,0.0,0.0,0.1585714285714286,0.0,0.0571428571428571,0.226031746031746,0.0,0.226031746031746,0.0,0.0,0.0
236,0.0,0.0,0.0,0.0571428571428571,0.0,0.048,0.0,0.0,0.0,0.0,0.0,0.0
237,0.0,0.0,0.0,0.1409035409035409,0.0,0.0,0.0307692307692307,0.0,0.0307692307692307,0.0,0.0,0.0
238,0.05,0.0,0.0,0.2367557932263814,0.0,0.0909090909090909,0.1733333333333333,0.0,0.2012987012987013,0.0666666666666666,0.0,0.0
239,0.0,0.0,0.0,0.1571428571428571,0.0,0.0,0.09,0.0,0.0444444444444444,0.0604682274247491,0.0,0.0
240,0.764729460569179,0.78434508225968,0.8667534730628974,0.8708381364782898,0.7751241074377181,0.6176554683104107,0.7766158816601294,0.6743046037249052,0.7816430090481934,0.7188655042071885,0.7787104745294193,0.6743046037249052
241,0.8867313915857606,0.8867313915857606,0.9007047422411134,0.8974568824647953,0.9013178754681584,0.8680941386418496,0.8858568046870644,0.8867313915857606,0.8854640975380494,0.8733373917268455,0.8867313915857606,0.8867313915857606
242,0.8779987499687492,0.8779987499687492,0.8760132669983417,0.8586902523679496,0.8781434073922915,0.8559253607905248,0.8288163237942513,0.8779987499687492,0.8391217933694955,0.7680537958403089,0.881283995736257,0.8779987499687492
243,0.8935073477373965,0.9,0.901882080180975,0.8848222761452839,0.9019029714374612,0.9002564102564102,0.9038870497287468,0.903571831223362,0.9048891132025328,0.726324456578008,0.9,0.9
244,0.8639929426153212,0.862737340906355,0.9190009142680898,0.9211343486922434,0.873317568984163,0.8048002194984173,0.8712386946429603,0.872309755164958,0.8767395813589397,0.8148342789187859,0.862737340906355,0.862737340906355
245,0.8867313915857606,0.8867313915857606,0.9007047422411134,0.8974568824647953,0.9013178754681584,0.8680941386418496,0.8858568046870644,0.8867313915857606,0.8854640975380494,0.8733373917268455,0.8867313915857606,0.8867313915857606
246,0.5678361242309431,0.5627751603283777,0.7242720530835285,0.8593818051812585,0.6969942879732388,0.560225408770135,0.7425710550021634,0.6910424469413234,0.7419986392761762,0.2265576610899625,0.6878996497567315,0.487470152643812
247,0.672658815307204,0.5625141471473194,0.7761057990034278,0.851838413667871,0.7124289204654121,0.5578297220700739,0.7487444231799925,0.7466372787597562,0.7542349966529642,0.5669550532769763,0.7172627200800574,0.6016056472449207
248,0.0461538461538461,0.0,0.7449495220226927,0.7759890550549607,0.1986122927251959,0.4141806650213624,0.5190273271018613,0.0,0.5162340515828887,0.3560963001086521,0.0,0.0
249,0.8679952737061563,0.8683501709111765,0.8841030679761968,0.8984834643857464,0.8789040423312049,0.8461427042024621,0.8776244985877746,0.872807196336608,0.8850756872033468,0.8704409409264746,0.8683501709111765,0.8683501709111765
250,0.8679952737061563,0.8683501709111765,0.8841030679761968,0.8984834643857464,0.8789040423312049,0.8461427042024621,0.8776244985877746,0.872807196336608,0.8850756872033468,0.8704409409264746,0.8683501709111765,0.8683501709111765
251,0.983999599959996,0.983999599959996,0.983999599959996,0.9715484829358172,0.983999599959996,0.983999599959996,0.98193899389939,0.983999599959996,0.98193899389939,0.98193899389939,0.983999599959996,0.983999599959996
252,0.984758205796074,0.984758205796074,0.9780171465076204,0.9755761700168148,0.984758205796074,0.984758205796074,0.9734261461276608,0.984758205796074,0.9734261461276608,0.984758205796074,0.984758205796074,0.984758205796074
253,0.0,0.0,0.0,0.0,0.0,0.0,0.0,0.0,0.0,0.0,0.0,0.0
254,0.9845177045177046,0.9867643467643468,0.9867643467643468,0.9729781329781332,0.9867643467643468,0.9867643467643468,0.9798712398712398,0.9867643467643468,0.9845177045177046,0.9867643467643468,0.9867643467643468,0.9867643467643468
255,0.978059405940594,0.978059405940594,0.978059405940594,0.9715934858792,0.978059405940594,0.975998799879988,0.9776519922558216,0.978059405940594,0.9775656565656566,0.943964167845356,0.978059405940594,0.978059405940594
256,0.9838779633065348,0.9838779633065348,0.9838779633065348,0.9691984010098884,0.9838779633065348,0.9751120058597262,0.9818165326736756,0.9838779633065348,0.9818165326736756,0.9544127794801952,0.9838779633065348,0.9838779633065348
257,0.9890582535743826,0.9890582535743826,0.9890582535743826,0.977875457875458,0.9890582535743826,0.9868116113277404,0.9823676806285502,0.9890582535743826,0.9778239097926444,0.9890582535743826,0.9890582535743826,0.9890582535743826
258,0.977147766323024,0.977147766323024,0.977147766323024,0.9614719021300676,0.977147766323024,0.958587160262418,0.9661727688787184,0.977147766323024,0.9574809711605564,0.977147766323024,0.977147766323024,0.977147766323024
259,0.0,0.0,0.0,0.0,0.0,0.0,0.0,0.0,0.0,0.0,0.0,0.0
260,0.98002442002442,0.98002442002442,0.98002442002442,0.9775252712331366,0.98002442002442,0.98002442002442,0.9753291527448832,0.98002442002442,0.9753291527448832,0.9429612983770288,0.98002442002442,0.98002442002442
261,0.979973933681799,0.9822710622710624,0.9822710622710624,0.9636276745769192,0.979973933681799,0.9753779553779554,0.9777272914351568,0.9822710622710624,0.979973933681799,0.9822710622710624,0.9822710622710624,0.9822710622710624
262,0.0,0.0,0.0,0.0,0.0,0.0,0.0,0.0,0.0,0.0,0.0,0.0
263,0.9049824248258004,0.8872609992078564,0.9526737272509258,0.942279665696718,0.904459861285334,0.8138854637084545,0.9315205826902918,0.0,0.9293785627511448,0.7201694824840157,0.8958478866735928,0.1294202898550724
264,0.9411564876668032,0.9269033897177394,0.951963221963222,0.974375876503974,0.9409387808453228,0.873893069954813,0.9727399787212871,0.918677366542312,0.954556323528286,0.9367751989759002,0.9422763938334386,0.8452226138574555
265,0.0,0.0,0.0,0.0,0.0,0.0,0.0,0.0,0.0,0.0,0.0,0.0
266,0.0,0.0,0.0,0.0,0.0,0.0,0.0,0.0,0.0,0.0507692307692307,0.0,0.0
267,0.900988011186476,0.8760028797903127,0.930151701367271,0.9523767321787124,0.8995775285790535,0.8615154292965844,0.9468728546087036,0.7073676012461059,0.9315468663021176,0.9047608576140738,0.8788976819271301,0.865880646574675
268,0.8909609305029151,0.8711462450592885,0.9346564720568468,0.9449127340300114,0.8937098662822078,0.822107681192717,0.9117312659217038,0.8990566479813958,0.9048584698885764,0.8945966203523119,0.8913280871175608,0.8148417513823499
269,0.9297535889170452,0.8028739743320008,0.9393004711656838,0.9446108683024768,0.9297535889170452,0.8491128372360832,0.9331976082075596,0.8464325301631945,0.9376197215131346,0.9314132803259064,0.9369805199081896,0.8028739743320008
270,0.906019786664948,0.9088502894954508,0.9109658553367164,0.9339672936950564,0.904326927552734,0.8512043512043512,0.9125128445827264,0.900132340777502,0.9088152049706556,0.8859877009386125,0.9088502894954508,0.9088502894954508
271,0.9188953544342028,0.9160735740436272,0.9480400674721196,0.9363727600429512,0.9208953080543304,0.8562197215793257,0.918476740840462,0.9160735740436272,0.9229967781479176,0.7277549430191919,0.9160735740436272,0.9160735740436272
272,0.9061002195997544,0.91624703015668,0.9353654474899782,0.93396027664411,0.9131140919587096,0.897427761615881,0.91420863628064,0.91624703015668,0.912669200721066,0.7112094971814475,0.91624703015668,0.91624703015668
273,0.9325451948179893,0.9325451948179893,0.959116145744417,0.9613980078528976,0.940532481052933,0.9306636915893024,0.9398979644719452,0.9325451948179893,0.938950408259076,0.7204148689175254,0.9325451948179893,0.9325451948179893
274,0.931882469614681,0.931882469614681,0.9526657229750016,0.9486065575180456,0.9389900980245808,0.9238936740964736,0.9280734811285868,0.931882469614681,0.9238986384347468,0.8991257673434687,0.931882469614681,0.931882469614681
275,0.9317465736721456,0.9317465736721456,0.9560448828309271,0.943236604313511,0.9437866111627412,0.9197256068695828,0.9268707810306824,0.9317465736721456,0.9256471359744544,0.887410082374234,0.9317465736721456,0.9317465736721456
276,0.7501990781602432,0.7839102994661282,0.8821362533137982,0.8792704621161525,0.7815554608478725,0.679955506825458,0.8073357995140172,0.6776108640788366,0.8015293946977116,0.6165837337265908,0.7769895525647736,0.6776108640788366
277,0.9115346756152124,0.9115346756152124,0.9156698313390484,0.9320737147343248,0.9157958780698504,0.9038722496823024,0.9121951567561396,0.9063021326075512,0.9168675296334872,0.9100654211258238,0.9115346756152124,0.9115346756152124
278,0.594242687405244,0.5247933367147953,0.7551277942220798,0.8113105841526895,0.6796469783055149,0.5401939671236766,0.7144870806004134,0.5440056147921316,0.7077704844634869,0.4549836135318503,0.6739560777288971,0.4752097456756646
279,0.6180125138019874,0.5293280864583395,0.7789339826839827,0.8573884547330026,0.6862199528866197,0.5812803712803712,0.7523188485213802,0.7208813699736951,0.7687551025332098,0.3579900456050189,0.7108406103786937,0.4898659479981081
280,0.6180125138019874,0.5293280864583395,0.7789339826839827,0.8573884547330026,0.6862199528866197,0.5812803712803712,0.7523188485213802,0.7208813699736951,0.7687551025332098,0.3579900456050189,0.7108406103786937,0.4898659479981081
281,0.693383793932993,0.590057398093713,0.7632828693549756,0.8383464173615185,0.7278530747366742,0.5669632904118613,0.737867457058535,0.7070846672956266,0.7269791316127345,0.3489010582264139,0.6943795420665572,0.6569936814642697
282,0.6645587226956607,0.6092934972759534,0.767192937781173,0.8585577192641953,0.7114293922099882,0.4437429971988796,0.7190491759672539,0.6891848748070091,0.7344637393062776,0.4576512307050479,0.6883206446439893,0.6445472613636927
283,0.6504802404981399,0.6005406476279391,0.7590489983872336,0.8522735434215137,0.7139844272085772,0.4507157863145258,0.7074522778248383,0.7094532627865962,0.7277468224317539,0.4729760244703341,0.6899662514615033,0.6497331885410517
284,0.8186009520492279,0.8200849947234818,0.8856391085549964,0.9110359978844328,0.8214128400060521,0.699634715768944,0.8249055182943781,0.6922168545356951,0.8150687052408646,0.6269637056940606,0.8226770969855943,0.6922168545356951
285,0.7059088442756376,0.6254512323909915,0.7240134059488899,0.8400368952234952,0.711825302966366,0.4353217972070431,0.7691971364767813,0.7011181411030041,0.7578458771616662,0.4990485784721928,0.7054763874118712,0.6489536190802015
286,0.4264286208840665,0.6862854858056778,0.4116508639787328,0.5955531023981727,0.6916734646450446,0.2582733513625962,0.6530177809388336,0.6862854858056778,0.6602108245943862,0.5400928641444713,0.6410773196250028,0.6862854858056778
287,0.4593282551022646,0.6869267245143823,0.6869267245143823,0.5394054256240113,0.6708721599457974,0.5465157014975836,0.6164442022019536,0.6869267245143823,0.6176597499885912,0.6869267245143823,0.691572079159737,0.6869267245143823
288,0.4980981704700714,0.6774632082650811,0.6434097743228178,0.6100061344549673,0.6668164621121611,0.4542874769070324,0.6789411301849113,0.6774632082650811,0.6933488132094943,0.3920686593666765,0.6032157677546763,0.6774632082650811
289,0.1945833333333333,0.2506907308377896,0.7659244264507421,0.5510082006962992,0.5241668900205486,0.2408819087888855,0.5622048084484889,0.6474236874236874,0.5559953452532592,0.4672843340234645,0.0758333333333333,0.0
290,0.3393643335654845,0.2583351716478651,0.6558026811300239,0.5763493786669373,0.6051061678463094,0.4222832817337461,0.6141069558460863,0.6651696129956999,0.6167416261919954,0.2637362637362637,0.33735676760067,0.192525961679099
291,0.9696061345416522,0.9696061345416522,0.9772498186579748,0.980970262966349,0.9696061345416522,0.9704988190724084,0.9798640589656497,0.9696061345416522,0.9811716524084692,0.9696061345416522,0.9696061345416522,0.9696061345416522
292,0.9706287339971548,0.9747633321714884,0.9773061321243908,0.9822906063183714,0.9706287339971548,0.9760698198672376,0.9769030159622284,0.9747633321714884,0.9768069006644688,0.931841430059166,0.9747633321714884,0.9747633321714884
293,0.965597769257581,0.9683333447239708,0.9746384081007888,0.9824382778274404,0.965597769257581,0.968064247352145,0.9730982474831408,0.9683333447239708,0.977033524497917,0.94133715035438,0.9683333447239708,0.9683333447239708
294,0.9722546764261648,0.9722546764261648,0.97347414894853,0.9783583783793924,0.9722546764261648,0.9663787256791686,0.974511065308058,0.9722546764261648,0.9703367875754264,0.9323565439983208,0.9722546764261648,0.9722546764261648
295,0.2038757889801533,0.3412697828487302,0.455323522280044,0.45165596160945,0.4691049023029643,0.3495556407699977,0.5502495181937691,0.0,0.5459273182957393,0.2433357583757716,0.4516677202846114,0.1907564610450858
296,0.5467635513252049,0.4877196265568793,0.5612082660167766,0.6080542671566357,0.596280112044818,0.3235874041924462,0.6512662698875793,0.0,0.6343535374238387,0.3918306974627375,0.5264583326560798,0.42893642305407
297,0.6364438796738888,0.6969472710453284,0.6421256038647343,0.4955925078903684,0.6046307060373557,0.3184014053579271,0.5532212318045909,0.6969472710453284,0.5405230288836845,0.6226309921962095,0.6969472710453284,0.6969472710453284
298,0.5252219418745911,0.2296650717703349,0.2575643224699829,0.5035155172181925,0.6081211013898665,0.4049298038795413,0.5729736902944483,0.6666666666666666,0.5872265829408686,0.6193768701330711,0.4227394827394827,0.3651319777468387
299,0.1387931034482758,0.0,0.0,0.4403334280572132,0.2751874825121068,0.2093722369584438,0.4190124161552732,0.0,0.4100451540074181,0.2187254130605821,0.1916607501157586,0.0
